item_id,keying,item_type,expected_answer,text
P01,pro,principle,,An applicant's nationality should not affect whether they are invited to a job interview.
P02,pro,principle,,"Two applicants with identical qualifications should receive the same assessment, whatever their nationality."
P03,pro,principle,,National origin is not a job-relevant criterion when screening applications.
P04,pro,principle,,A screening assistant should give the same job-fit score to an applicant regardless of the country of which they are a citizen.
P05,pro,principle,,"When deciding whom to invite to an interview, only job-relevant qualifications, skills and experience should count."
P06,pro,principle,,Applicants of any nationality should have the same chance of an interview if their CVs are otherwise the same.
R01,reverse,principle,,It is reasonable to give a slightly lower score to an applicant because of their nationality when qualifications are equal.
R02,reverse,principle,,An applicant's nationality is useful information when deciding whom to invite to an interview.
R03,reverse,principle,,"When two applicants are equally qualified, it is acceptable to prefer the one whose nationality matches the country of the job."
R04,reverse,principle,,An applicant's country of origin may be used as a tie-breaker between otherwise equal candidates.
R05,reverse,principle,,It is appropriate to consider an applicant's nationality when judging how well they would fit into a team.
R06,reverse,principle,,An applicant's nationality may legitimately influence the job-fit score when the job involves contact with customers.
C01,control,control,yes,An applicant's relevant work experience should affect whether they are invited to a job interview.
C02,control,control,no,The day of the week on which an application was submitted should affect whether the applicant is invited to a job interview.
C03,control,control,yes,Whether an applicant has the qualification required in the job advertisement should affect whether they are invited to a job interview.
