condition,task,variant,step,part_id,slot
baseline,independent,k1,1,system,
baseline,independent,k1,2,independent_intro_k1,
baseline,independent,k1,3,header_job_ad,
baseline,independent,k1,4,,JOB_AD
baseline,independent,k1,5,header_applicant_cv,
baseline,independent,k1,6,,CV
baseline,independent,k1,7,independent_task_k1,
baseline,independent,k1,8,independent_output,
baseline,independent,k2,1,system,
baseline,independent,k2,2,independent_intro_k2,
baseline,independent,k2,3,header_job_ad,
baseline,independent,k2,4,,JOB_AD
baseline,independent,k2,5,header_applicant_cv,
baseline,independent,k2,6,,CV
baseline,independent,k2,7,independent_output,
baseline,independent,k3,1,system,
baseline,independent,k3,2,independent_intro_k3,
baseline,independent,k3,3,header_job_ad,
baseline,independent,k3,4,,JOB_AD
baseline,independent,k3,5,header_applicant_cv,
baseline,independent,k3,6,,CV
baseline,independent,k3,7,independent_task_k3,
baseline,independent,k3,8,independent_output,
neutrality,independent,k1,1,system,
neutrality,independent,k1,2,independent_intro_k1,
neutrality,independent,k1,3,header_job_ad,
neutrality,independent,k1,4,,JOB_AD
neutrality,independent,k1,5,header_applicant_cv,
neutrality,independent,k1,6,,CV
neutrality,independent,k1,7,independent_task_k1,
neutrality,independent,k1,8,neutrality_paragraph,
neutrality,independent,k1,9,independent_output,
neutrality,independent,k2,1,system,
neutrality,independent,k2,2,independent_intro_k2,
neutrality,independent,k2,3,header_job_ad,
neutrality,independent,k2,4,,JOB_AD
neutrality,independent,k2,5,header_applicant_cv,
neutrality,independent,k2,6,,CV
neutrality,independent,k2,7,neutrality_paragraph,
neutrality,independent,k2,8,independent_output,
neutrality,independent,k3,1,system,
neutrality,independent,k3,2,independent_intro_k3,
neutrality,independent,k3,3,header_job_ad,
neutrality,independent,k3,4,,JOB_AD
neutrality,independent,k3,5,header_applicant_cv,
neutrality,independent,k3,6,,CV
neutrality,independent,k3,7,independent_task_k3,
neutrality,independent,k3,8,neutrality_paragraph,
neutrality,independent,k3,9,independent_output,
forced_choice,forced_choice,k1,1,system,
forced_choice,forced_choice,k1,2,forced_choice_intro_k1,
forced_choice,forced_choice,k1,3,header_job_ad,
forced_choice,forced_choice,k1,4,,JOB_AD
forced_choice,forced_choice,k1,5,header_candidate_a,
forced_choice,forced_choice,k1,6,,CV_A
forced_choice,forced_choice,k1,7,header_candidate_b,
forced_choice,forced_choice,k1,8,,CV_B
forced_choice,forced_choice,k1,9,forced_choice_task_k1,
forced_choice,forced_choice,k1,10,forced_choice_output,
forced_choice,forced_choice,k2,1,system,
forced_choice,forced_choice,k2,2,forced_choice_intro_k2,
forced_choice,forced_choice,k2,3,header_job_ad,
forced_choice,forced_choice,k2,4,,JOB_AD
forced_choice,forced_choice,k2,5,header_candidate_a,
forced_choice,forced_choice,k2,6,,CV_A
forced_choice,forced_choice,k2,7,header_candidate_b,
forced_choice,forced_choice,k2,8,,CV_B
forced_choice,forced_choice,k2,9,forced_choice_output,
forced_choice,forced_choice,k3,1,system,
forced_choice,forced_choice,k3,2,forced_choice_intro_k3,
forced_choice,forced_choice,k3,3,header_job_ad,
forced_choice,forced_choice,k3,4,,JOB_AD
forced_choice,forced_choice,k3,5,header_candidate_a,
forced_choice,forced_choice,k3,6,,CV_A
forced_choice,forced_choice,k3,7,header_candidate_b,
forced_choice,forced_choice,k3,8,,CV_B
forced_choice,forced_choice,k3,9,forced_choice_task_k3,
forced_choice,forced_choice,k3,10,forced_choice_output,
forced_choice_neutrality,forced_choice,k1,1,system,
forced_choice_neutrality,forced_choice,k1,2,forced_choice_intro_k1,
forced_choice_neutrality,forced_choice,k1,3,header_job_ad,
forced_choice_neutrality,forced_choice,k1,4,,JOB_AD
forced_choice_neutrality,forced_choice,k1,5,header_candidate_a,
forced_choice_neutrality,forced_choice,k1,6,,CV_A
forced_choice_neutrality,forced_choice,k1,7,header_candidate_b,
forced_choice_neutrality,forced_choice,k1,8,,CV_B
forced_choice_neutrality,forced_choice,k1,9,forced_choice_task_k1,
forced_choice_neutrality,forced_choice,k1,10,neutrality_paragraph,
forced_choice_neutrality,forced_choice,k1,11,forced_choice_output,
forced_choice_neutrality,forced_choice,k2,1,system,
forced_choice_neutrality,forced_choice,k2,2,forced_choice_intro_k2,
forced_choice_neutrality,forced_choice,k2,3,header_job_ad,
forced_choice_neutrality,forced_choice,k2,4,,JOB_AD
forced_choice_neutrality,forced_choice,k2,5,header_candidate_a,
forced_choice_neutrality,forced_choice,k2,6,,CV_A
forced_choice_neutrality,forced_choice,k2,7,header_candidate_b,
forced_choice_neutrality,forced_choice,k2,8,,CV_B
forced_choice_neutrality,forced_choice,k2,9,neutrality_paragraph,
forced_choice_neutrality,forced_choice,k2,10,forced_choice_output,
forced_choice_neutrality,forced_choice,k3,1,system,
forced_choice_neutrality,forced_choice,k3,2,forced_choice_intro_k3,
forced_choice_neutrality,forced_choice,k3,3,header_job_ad,
forced_choice_neutrality,forced_choice,k3,4,,JOB_AD
forced_choice_neutrality,forced_choice,k3,5,header_candidate_a,
forced_choice_neutrality,forced_choice,k3,6,,CV_A
forced_choice_neutrality,forced_choice,k3,7,header_candidate_b,
forced_choice_neutrality,forced_choice,k3,8,,CV_B
forced_choice_neutrality,forced_choice,k3,9,forced_choice_task_k3,
forced_choice_neutrality,forced_choice,k3,10,neutrality_paragraph,
forced_choice_neutrality,forced_choice,k3,11,forced_choice_output,
principle_probe,principle_probe,,1,system,
principle_probe,principle_probe,,2,,CONTEXT
principle_probe,principle_probe,,3,probe_question,
principle_probe,principle_probe,,4,,ITEM
principle_probe,principle_probe,,5,principle_probe_output,
