occupation,employer
software_developer,Brightmere Technologies
software_developer,Quillstone Digital
software_developer,Cobaltline Systems
software_developer,Tidewell Software
software_developer,Ferncastle Data
software_developer,Silverthread IT Services
software_developer,Northvale Cloud Services
software_developer,Lumenridge Software
software_developer,Ashgrove Data Solutions
software_developer,Kitefield Web Services
software_developer,Copperwick Systems
software_developer,Bramblegate Software
retail_sales_associate,Brightvolt Electronics
retail_sales_associate,Pixelcove Computer Store
retail_sales_associate,Signalpoint Mobile
retail_sales_associate,Voltmark Appliances
retail_sales_associate,Circuitry Lane Electronics
retail_sales_associate,Gadgetry Hall
retail_sales_associate,Linkwave Phone Shop
retail_sales_associate,Soundstage Audio and Video
retail_sales_associate,Homegrid Appliance Centre
retail_sales_associate,Clearview Electronics Outlet
retail_sales_associate,Maplecourt Department Store
retail_sales_associate,Brookvale Home and Tech
warehouse_associate,Swiftcrate Logistics
warehouse_associate,Palletline Distribution
warehouse_associate,Stackwell Warehousing
warehouse_associate,Freightmark Fulfilment
warehouse_associate,Cargoway Logistics
warehouse_associate,Loadwell Contract Logistics
warehouse_associate,Boxbridge Distribution
warehouse_associate,Ridgeway Storage Solutions
warehouse_associate,Crossdock Supply Services
warehouse_associate,Shelfline Logistics
warehouse_associate,Trailmark Freight
warehouse_associate,Northgate Fulfilment
financial_accountant,Ironbridge Engineering
financial_accountant,Stonecrest Trading
financial_accountant,Meadowlark Foods
financial_accountant,Brightwater Medical Devices
financial_accountant,Westmere Energy Services
financial_accountant,Silverbirch Pharmaceuticals
financial_accountant,Oakhurst Real Estate
financial_accountant,Hollybrook Packaging
financial_accountant,Elmstead Furniture
financial_accountant,Granite Steel Trading
financial_accountant,Riverstone Hospitality Group
financial_accountant,Bluebell Retail Holdings
management_consultant,Keystride Strategy Partners
management_consultant,Leverpoint Operations Consulting
management_consultant,Pathwise Advisory
management_consultant,Clearmark Management Consulting
management_consultant,Brightlane Process Advisory
management_consultant,Summitline Industrial Consulting
management_consultant,Bridgeworth Consulting
management_consultant,Truecourse Advisory
management_consultant,Farsight Operations Advisory
management_consultant,Tempo Process Consulting
management_consultant,Lodestone Performance Partners
management_consultant,Kingfisher Operations Group
administrative_assistant,Fairholm Tax Advisory
administrative_assistant,Brightwater Medical Devices
administrative_assistant,Parkline Facility Services
administrative_assistant,Ironbridge Engineering
administrative_assistant,Silverthread IT Services
administrative_assistant,Stonecrest Trading
administrative_assistant,Oakhurst Real Estate
administrative_assistant,Westmere Energy Services
administrative_assistant,Silverbirch Pharmaceuticals
administrative_assistant,Hollybrook Packaging
administrative_assistant,Ashlynn Legal Services
administrative_assistant,Larkspur Insurance Brokers
