occupation,bullet_set,bullet
software_developer,core,Developed and maintained REST APIs in Python (FastAPI) for an order-management system
software_developer,core,Implemented backend features in Java (Spring Boot) and wrote unit and integration tests
software_developer,core,Designed relational database schemas and optimised SQL queries in PostgreSQL
software_developer,core,Containerised services with Docker and maintained GitLab CI pipelines
software_developer,core,Took part in code reviews and sprint planning in a Scrum team of six developers
software_developer,core,Integrated third-party payment and shipping APIs into the customer portal
software_developer,core,Migrated a monolithic reporting module to separate services
software_developer,core,Monitored production services and resolved incidents as part of an on-call rotation
software_developer,core,Automated data imports from partner systems with Python scripts
software_developer,core,Built an internal Python library for authentication used by four teams
software_developer,core,Wrote technical documentation and API specifications (OpenAPI)
software_developer,core,Improved the automated test coverage of a legacy Java service from 35% to 80%
software_developer,core,Implemented caching with Redis to reduce database load at peak times
software_developer,core,Added structured logging and dashboards for production monitoring
software_developer,core,Refactored legacy code to remove duplicated business logic
software_developer,core,Built background jobs for nightly invoice generation
software_developer,core,Agreed API contracts for new features with the frontend developers
software_developer,core,Fixed slow database queries identified through profiling
software_developer,senior,Led a team of four developers and coordinated releases with product management
software_developer,senior,Defined the architecture for a new event-driven platform based on Kafka
software_developer,senior,Mentored junior developers and introduced a code-review guideline
software_developer,senior,Reduced average API response time by 40% through caching and query optimisation
software_developer,senior,Planned and carried out the migration of core services to Kubernetes
software_developer,senior,Ran technical interviews and onboarded new team members
software_developer,senior,Set coding standards and reviewed the designs of all backend services
software_developer,IT Support Specialist,Handled first- and second-level support tickets for about 300 employees
software_developer,IT Support Specialist,"Set up laptops, printers and phones for new colleagues"
software_developer,IT Support Specialist,Managed user accounts and access rights in the directory service
software_developer,IT Support Specialist,Documented recurring problems and their solutions in the internal wiki
software_developer,IT Systems Administrator,Maintained the company's file servers and scheduled backups
software_developer,IT Systems Administrator,Monitored the office network and replaced faulty hardware
software_developer,IT Systems Administrator,Installed operating-system updates and security patches
software_developer,IT Systems Administrator,Coordinated repairs with external hardware suppliers
software_developer,Software Tester (Manual Testing),Executed manual test cases for the online shop before each release
software_developer,Software Tester (Manual Testing),Documented defects and retested them after fixes
software_developer,Software Tester (Manual Testing),Wrote acceptance-test protocols together with the business departments
software_developer,Software Tester (Manual Testing),Checked user manuals against the behaviour of the software
retail_sales_associate,core,"Advised customers on laptops, phones and accessories on the shop floor"
retail_sales_associate,core,"Processed cash and card payments, returns and exchanges at the checkout"
retail_sales_associate,core,Replenished shelves and kept product displays tidy and correctly priced
retail_sales_associate,core,Took part in quarterly stock counts and recorded discrepancies
retail_sales_associate,core,Sold extended warranties and accessories as part of the sales conversation
retail_sales_associate,core,Handled customer complaints and arranged repairs with the service desk
retail_sales_associate,core,Set up promotional displays for seasonal campaigns
retail_sales_associate,core,Received deliveries and booked goods into the merchandise management system
retail_sales_associate,core,Helped customers order items online for in-store collection
retail_sales_associate,core,Balanced the till at the end of each shift
retail_sales_associate,core,Explained product features and compared models for customers
retail_sales_associate,core,Demonstrated televisions and audio systems in the home entertainment area
retail_sales_associate,core,Set up new phones for customers and transferred their data
retail_sales_associate,core,Checked price labels against the system after price changes
retail_sales_associate,core,Kept the stockroom organised so that items could be found quickly
retail_sales_associate,core,Registered customers for the store loyalty programme
retail_sales_associate,core,Prepared delivery and installation orders for large household appliances
retail_sales_associate,core,Answered product questions from customers by telephone
retail_sales_associate,senior,Coordinated the weekly shift plan for a sales team of eight
retail_sales_associate,senior,Trained new sales associates in checkout procedures and product advice
retail_sales_associate,senior,Managed the mobile phones department and its monthly sales targets
retail_sales_associate,senior,Opened and closed the store and handled the daily cash reconciliation
retail_sales_associate,senior,Planned product placement for the department together with the store manager
retail_sales_associate,senior,Analysed weekly sales figures and adjusted displays for slow-moving products
retail_sales_associate,senior,Acted as duty manager when the store manager was absent
retail_sales_associate,Call Centre Agent,Answered customer calls about mobile phone contracts and bills
retail_sales_associate,Call Centre Agent,Recorded address changes and contract cancellations in the CRM system
retail_sales_associate,Call Centre Agent,Forwarded technical problems to the second-level support team
retail_sales_associate,Call Centre Agent,Logged every call and its follow-up actions in the ticket system
retail_sales_associate,Warehouse Assistant,Unloaded trucks and sorted incoming parcels
retail_sales_associate,Warehouse Assistant,Picked orders for delivery to shops
retail_sales_associate,Warehouse Assistant,Kept the storage area clean and organised
retail_sales_associate,Warehouse Assistant,Wrapped pallets for outgoing deliveries
retail_sales_associate,Kitchen Assistant,Prepared vegetables and salads for the lunch service
retail_sales_associate,Kitchen Assistant,Cleaned kitchen equipment according to the hygiene plan
retail_sales_associate,Kitchen Assistant,Received food deliveries and stored them correctly
retail_sales_associate,Kitchen Assistant,Washed dishes and kept the kitchen tidy during service
warehouse_associate,core,Picked and packed customer orders with handheld scanners (about 150 order lines per shift)
warehouse_associate,core,Checked incoming goods against delivery notes and recorded them in SAP EWM
warehouse_associate,core,Operated forklifts and pallet trucks for loading and unloading trucks
warehouse_associate,core,Carried out regular inventory counts and reported discrepancies
warehouse_associate,core,Processed customer returns and assessed the condition of returned goods
warehouse_associate,core,Secured loads and prepared outgoing shipments for carriers
warehouse_associate,core,Followed occupational safety rules and kept the work area clean and organised
warehouse_associate,core,Replenished picking locations from the high-bay storage area
warehouse_associate,core,Labelled and weighed parcels for domestic and overseas shipping
warehouse_associate,core,Worked in early and late shifts in a team of 20 warehouse staff
warehouse_associate,core,Recorded damaged goods and prepared documentation for claims
warehouse_associate,core,Packed spare parts according to customer packaging specifications
warehouse_associate,core,Booked stock transfers between storage locations in the warehouse management system
warehouse_associate,core,Wrapped and labelled pallets for outbound deliveries
warehouse_associate,core,Unloaded containers and sorted goods by storage zone
warehouse_associate,core,"Checked expiry dates and rotated stock on a first-in, first-out basis"
warehouse_associate,core,Assembled multi-item orders for business customers
warehouse_associate,core,Reported damaged racking and equipment to the shift lead
warehouse_associate,senior,Coordinated a shift team of six warehouse associates
warehouse_associate,senior,Trained new colleagues in picking processes and scanner use
warehouse_associate,senior,Handled dangerous goods in line with the applicable safety rules
warehouse_associate,senior,Suggested a new shelf layout that shortened picking routes
warehouse_associate,senior,Planned daily staffing of the goods receipt area with the warehouse manager
warehouse_associate,senior,Monitored shift productivity and reported the figures to the warehouse manager
warehouse_associate,senior,Acted as first contact for carriers during the late shift
warehouse_associate,Delivery Driver,Delivered furniture and household appliances to private customers
warehouse_associate,Delivery Driver,Planned the daily delivery route with the dispatcher
warehouse_associate,Delivery Driver,Carried out daily safety checks on the delivery van
warehouse_associate,Delivery Driver,Loaded the van in delivery order before each route
warehouse_associate,Kitchen Assistant,Prepared vegetables and salads for the lunch service
warehouse_associate,Kitchen Assistant,Cleaned kitchen equipment according to the hygiene plan
warehouse_associate,Kitchen Assistant,Washed dishes and kept the kitchen tidy during service
warehouse_associate,Kitchen Assistant,Received food deliveries and stored them correctly
warehouse_associate,Cleaning Operative,Cleaned offices and stairwells according to the cleaning plan
warehouse_associate,Cleaning Operative,Operated floor-cleaning machines in large office buildings
warehouse_associate,Cleaning Operative,Reported damage and repair needs to the building manager
warehouse_associate,Cleaning Operative,Restocked washroom supplies in office buildings
financial_accountant,core,Posted day-to-day business transactions in the general ledger (SAP FI)
financial_accountant,core,Prepared monthly and annual financial statements under IFRS
financial_accountant,core,Prepared periodic tax returns and supported the annual tax filing
financial_accountant,core,"Reconciled bank accounts, balance sheet accounts and intercompany balances"
financial_accountant,core,Processed accounts payable and receivable including payment reminders
financial_accountant,core,Supported the external auditors during the annual audit
financial_accountant,core,Maintained the fixed asset register and calculated depreciation
financial_accountant,core,Prepared accruals and provisions for the month-end closing
financial_accountant,core,Answered queries from the tax advisor and prepared supporting documents
financial_accountant,core,Automated recurring reconciliations with Excel macros
financial_accountant,core,Prepared monthly cost centre reports for management
financial_accountant,core,Posted payroll entries and reconciled payroll accounts
financial_accountant,core,Prepared cash flow statements and weekly cash position reports
financial_accountant,core,Reviewed supplier invoices for correct coding and approval
financial_accountant,core,Calculated and posted currency revaluations at month end
financial_accountant,core,Maintained the chart of accounts and cost centre master data
financial_accountant,core,Prepared lease accounting entries under IFRS 16
financial_accountant,core,Reconciled customer accounts and followed up on overdue balances
financial_accountant,senior,Responsible for the month-end closing of three subsidiaries
financial_accountant,senior,Prepared IFRS reporting packages for the group parent company
financial_accountant,senior,Introduced a checklist-based closing process that shortened month-end closing by two days
financial_accountant,senior,Supervised one accounting assistant and reviewed postings
financial_accountant,senior,Acted as main contact for the auditors for the annual financial statements
financial_accountant,senior,"Prepared the group consolidation, including the elimination of intercompany balances"
financial_accountant,senior,Reviewed tax returns prepared by colleagues before submission
financial_accountant,Office Administrator,Handled incoming mail and the central e-mail inbox
financial_accountant,Office Administrator,Organised meeting rooms and ordered office supplies
financial_accountant,Office Administrator,Maintained the filing system for contracts
financial_accountant,Office Administrator,Welcomed visitors and answered the main telephone line
financial_accountant,Sales Assistant,Prepared customer presentations for the sales team
financial_accountant,Sales Assistant,Scheduled customer appointments for the field sales staff
financial_accountant,Sales Assistant,Updated product information in the online shop
financial_accountant,Sales Assistant,Prepared price quotes for customers from the current price lists
financial_accountant,Customer Service Representative,Answered customer enquiries by telephone and e-mail
financial_accountant,Customer Service Representative,Recorded complaints and forwarded them to the responsible departments
financial_accountant,Customer Service Representative,Updated customer addresses in the CRM system
financial_accountant,Customer Service Representative,Processed simple contract changes for customers
management_consultant,core,Analysed production and logistics processes at medium-sized manufacturing clients
management_consultant,core,Developed business cases and Excel models for cost-reduction programmes
management_consultant,core,Prepared and presented steering committee materials for client management
management_consultant,core,Conducted interviews and workshops with client staff to map current processes
management_consultant,core,Designed and implemented a new spare-parts planning process at a client site
management_consultant,core,Built Power BI dashboards to track project KPIs
management_consultant,core,Coordinated a workstream of three client employees in a procurement project
management_consultant,core,Carried out a supplier analysis that identified savings of 7% in indirect spend
management_consultant,core,Wrote sections of proposals and prepared pitch documents
management_consultant,core,Analysed inventory data with SQL to identify slow-moving stock
management_consultant,core,Supported a lean transformation on the shop floor of an industrial manufacturer
management_consultant,core,Prepared benchmarking studies of logistics costs for industrial clients
management_consultant,core,Mapped order-to-cash processes and identified bottlenecks with client teams
management_consultant,core,Ran time-and-motion studies on production lines
management_consultant,core,Prepared market and competitor analyses for client proposals
management_consultant,core,Developed KPI frameworks for warehouse and transport operations
management_consultant,core,Facilitated problem-solving workshops with plant supervisors
management_consultant,core,Tracked project savings and reported progress to the project manager
management_consultant,senior,Led project workstreams of up to five consultants in operations projects
management_consultant,senior,Managed client relationships at board level and contributed to follow-on sales
management_consultant,senior,Delivered a working-capital programme that reduced client inventory by 18%
management_consultant,senior,Coached junior consultants on problem structuring and presentation
management_consultant,senior,Owned the budget and staffing of projects with teams of up to eight people
management_consultant,senior,Presented final recommendations to client executive committees
management_consultant,senior,Developed the firm's standard approach for procurement diagnostics
management_consultant,Marketing Assistant,Maintained the company's social media channels
management_consultant,Marketing Assistant,Wrote texts for the website and the customer newsletter
management_consultant,Marketing Assistant,Organised the company's stand at a regional trade fair
management_consultant,Marketing Assistant,Prepared monthly reports on website visits
management_consultant,Event Coordinator,Coordinated catering and room set-up for company events
management_consultant,Event Coordinator,Handled guest registrations and name badges
management_consultant,Event Coordinator,Booked technicians and decorators for events
management_consultant,Event Coordinator,Prepared event budgets and tracked costs
management_consultant,Customer Service Representative,Answered customer enquiries by telephone and e-mail
management_consultant,Customer Service Representative,Recorded complaints and forwarded them to the responsible departments
management_consultant,Customer Service Representative,Updated customer addresses in the CRM system
management_consultant,Customer Service Representative,Processed simple contract changes for customers
administrative_assistant,core,"Managed calendars, appointments and travel arrangements for a team of eight"
administrative_assistant,core,"Prepared business correspondence, presentations and meeting minutes"
administrative_assistant,core,"Organised internal meetings and events, including catering and room booking"
administrative_assistant,core,Recorded and pre-checked incoming invoices
administrative_assistant,core,Maintained the document management system and filing structure
administrative_assistant,core,Acted as first point of contact for internal and external enquiries
administrative_assistant,core,Ordered office supplies and managed service providers
administrative_assistant,core,Prepared monthly reports in Excel for the department head
administrative_assistant,core,Coordinated appointments with customers and external service providers
administrative_assistant,core,Handled incoming and outgoing mail and the central e-mail inbox
administrative_assistant,core,Maintained contact data and contracts in the ERP system
administrative_assistant,core,Prepared documents for management meetings and sent out invitations
administrative_assistant,core,Booked flights and hotels within the company travel policy
administrative_assistant,core,Tracked contract deadlines and sent reminders to the responsible managers
administrative_assistant,core,Welcomed visitors and managed the reception area
administrative_assistant,core,Prepared expense reports for the managers in the team
administrative_assistant,core,Updated the staff phone list and organisation charts
administrative_assistant,core,Scanned and archived documents according to the retention rules
administrative_assistant,senior,Supported the managing director as personal assistant
administrative_assistant,senior,Coordinated the relocation of the office for 60 employees
administrative_assistant,senior,Introduced a digital filing structure and trained colleagues
administrative_assistant,senior,Trained and supervised two junior office assistants
administrative_assistant,senior,Organised the annual company conference for 150 participants
administrative_assistant,senior,Prepared board meeting packs and took the minutes
administrative_assistant,senior,Managed the office budget and negotiated with service providers
administrative_assistant,Retail Sales Associate,Advised customers on the shop floor
administrative_assistant,Retail Sales Associate,Processed payments at the checkout
administrative_assistant,Retail Sales Associate,Replenished shelves and arranged displays
administrative_assistant,Retail Sales Associate,Took part in stock counts
administrative_assistant,Restaurant Server,Served guests in a restaurant with 80 seats
administrative_assistant,Restaurant Server,Took orders and processed payments at the table
administrative_assistant,Restaurant Server,Set up tables for events and banquets
administrative_assistant,Restaurant Server,Prepared the dining room before opening
administrative_assistant,Warehouse Assistant,Unloaded trucks and sorted incoming parcels
administrative_assistant,Warehouse Assistant,Picked orders for delivery to shops
administrative_assistant,Warehouse Assistant,Kept the storage area clean and organised
administrative_assistant,Warehouse Assistant,Wrapped pallets for outgoing deliveries
