cv_id,occupation,position,qualification_tier,pilot,fc_pair,base_country
swdev_01,software_developer,1,strong,true,1,ARE
swdev_02,software_developer,2,adequate,true,2,SAU
swdev_03,software_developer,3,borderline,true,3,QAT
swdev_04,software_developer,4,strong,true,1,ARE
swdev_05,software_developer,5,adequate,true,2,SAU
swdev_06,software_developer,6,borderline,true,3,QAT
swdev_07,software_developer,7,adequate,false,4,OMN
swdev_08,software_developer,8,adequate,false,4,OMN
retail_01,retail_sales_associate,1,strong,true,1,OMN
retail_02,retail_sales_associate,2,adequate,true,2,BHR
retail_03,retail_sales_associate,3,borderline,true,3,JOR
retail_04,retail_sales_associate,4,strong,true,1,OMN
retail_05,retail_sales_associate,5,adequate,true,2,BHR
retail_06,retail_sales_associate,6,borderline,true,3,JOR
retail_07,retail_sales_associate,7,adequate,false,4,QAT
retail_08,retail_sales_associate,8,adequate,false,4,QAT
whse_01,warehouse_associate,1,strong,true,1,KWT
whse_02,warehouse_associate,2,adequate,true,2,EGY
whse_03,warehouse_associate,3,borderline,true,3,ARE
whse_04,warehouse_associate,4,strong,true,1,KWT
whse_05,warehouse_associate,5,adequate,true,2,EGY
whse_06,warehouse_associate,6,borderline,true,3,ARE
whse_07,warehouse_associate,7,adequate,false,4,BHR
whse_08,warehouse_associate,8,adequate,false,4,BHR
acct_01,financial_accountant,1,strong,true,1,SAU
acct_02,financial_accountant,2,adequate,true,2,KWT
acct_03,financial_accountant,3,borderline,true,3,EGY
acct_04,financial_accountant,4,strong,true,1,SAU
acct_05,financial_accountant,5,adequate,true,2,KWT
acct_06,financial_accountant,6,borderline,true,3,EGY
acct_07,financial_accountant,7,adequate,false,4,ARE
acct_08,financial_accountant,8,adequate,false,4,ARE
cons_01,management_consultant,1,strong,true,1,JOR
cons_02,management_consultant,2,adequate,true,2,EGY
cons_03,management_consultant,3,borderline,true,3,SAU
cons_04,management_consultant,4,strong,true,1,JOR
cons_05,management_consultant,5,adequate,true,2,EGY
cons_06,management_consultant,6,borderline,true,3,SAU
cons_07,management_consultant,7,adequate,false,4,QAT
cons_08,management_consultant,8,adequate,false,4,QAT
admin_01,administrative_assistant,1,strong,true,1,BHR
admin_02,administrative_assistant,2,adequate,true,2,JOR
admin_03,administrative_assistant,3,borderline,true,3,KWT
admin_04,administrative_assistant,4,strong,true,1,BHR
admin_05,administrative_assistant,5,adequate,true,2,JOR
admin_06,administrative_assistant,6,borderline,true,3,KWT
admin_07,administrative_assistant,7,adequate,false,4,OMN
admin_08,administrative_assistant,8,adequate,false,4,OMN
