base_country,institution_kind,institution
ARE,computing,University of Sharjah
ARE,computing,Khalifa University
ARE,business,UAE University
ARE,business,American University of Sharjah
ARE,business,University of Dubai
ARE,business,University of Sharjah
ARE,college,Higher Colleges of Technology
SAU,computing,King Saud University
SAU,computing,Prince Sultan University
SAU,computing,King Fahd University of Petroleum and Minerals
SAU,business,King Saud University
SAU,business,King Abdulaziz University
SAU,engineering,King Saud University
SAU,engineering,King Abdulaziz University
SAU,engineering,King Fahd University of Petroleum and Minerals
QAT,computing,Qatar University
QAT,computing,Carnegie Mellon University in Qatar
QAT,business,Qatar University
QAT,engineering,Qatar University
QAT,college,College of the North Atlantic-Qatar
KWT,business,Kuwait University
KWT,business,American University of Kuwait
KWT,college,Public Authority for Applied Education and Training
OMN,computing,Sultan Qaboos University
OMN,computing,Sohar University
OMN,college,Muscat College
OMN,college,Modern College of Business and Science
BHR,college,Bahrain Polytechnic
JOR,business,University of Jordan
JOR,business,Yarmouk University
JOR,engineering,University of Jordan
JOR,engineering,Jordan University of Science and Technology
JOR,college,Al-Balqa Applied University
EGY,business,Cairo University
EGY,business,Ain Shams University
EGY,business,American University in Cairo
EGY,business,Alexandria University
EGY,engineering,Cairo University
EGY,engineering,Ain Shams University
EGY,engineering,Alexandria University
EGY,college,Sadat Academy for Management Sciences
EGY,college,Modern Academy for Computer Science and Management Technology
