occupation,qualification_tier,profile
software_developer,strong,"Backend developer with {experience} of professional experience in designing, building and operating web services with Python and Java. Experienced in leading small development teams and in defining service architectures. Works closely with product owners and operations staff."
software_developer,strong,"Software engineer with {experience} of professional experience in backend development and cloud operations. Has held technical lead responsibility for a team of developers. Focused on reliable services, clean code and automated testing."
software_developer,adequate,"Software developer with {experience} of professional experience in backend development with Python, Java and SQL databases. Works well in agile teams and takes an active part in code reviews."
software_developer,adequate,Backend developer with {experience} of professional experience in building and testing web services and database applications. Interested in clean interfaces and automated deployment.
software_developer,borderline,"Junior backend developer with {experience} of professional experience in Python and Java development, after earlier work as {unrelated}. Keen to deepen hands-on experience with REST APIs and SQL databases."
software_developer,borderline,"Software developer with {experience} of professional experience in backend development, who previously worked as {unrelated}. Motivated to grow into a full backend role."
retail_sales_associate,strong,"Retail professional with {experience} of experience in consumer electronics and department stores, including shift coordination and training of new colleagues. Responsible for department sales targets and visual merchandising. Known for calm, friendly service at busy times."
retail_sales_associate,strong,"Experienced sales associate with {experience} of retail experience, responsible for a store department and its sales targets. Trains new colleagues and covers as duty manager. Strong product knowledge in phones, computers and household appliances."
retail_sales_associate,adequate,"Sales associate with {experience} of experience in customer advice, checkout and shelf management in retail. Enjoys explaining products and finding the right solution for each customer."
retail_sales_associate,adequate,Retail sales advisor with {experience} of experience in serving customers and handling payments in consumer electronics stores. Reliable team member at the checkout and on the shop floor.
retail_sales_associate,borderline,"Sales assistant with {experience} of retail sales experience, after earlier work as {unrelated}. Friendly and eager to build product knowledge in consumer electronics."
retail_sales_associate,borderline,"Junior sales associate with {experience} of experience in retail sales, who previously worked as {unrelated}. Motivated to grow in customer advice and sales."
warehouse_associate,strong,"Warehouse logistics specialist with {experience} of experience in goods receipt, picking and shipping, including shift coordination. Experienced in training new colleagues and in improving picking routes. Committed to safe and accurate work."
warehouse_associate,strong,"Experienced warehouse professional with {experience} of experience in contract logistics, forklift operation and team coordination. Leads shift teams through busy peak seasons. Familiar with dangerous goods handling and inventory control."
warehouse_associate,adequate,"Warehouse associate with {experience} of experience in picking, goods receipt and forklift operation. Reliable in early and late shifts."
warehouse_associate,adequate,"Warehouse worker with {experience} of experience in order picking, shipping and inventory counts. Works accurately with handheld scanners and the warehouse management system."
warehouse_associate,borderline,"Warehouse assistant with {experience} of warehouse experience in picking and goods receipt, after earlier work as {unrelated}. Reliable and willing to work in early and late shifts."
warehouse_associate,borderline,"Picker and packer with {experience} of warehouse experience, who previously worked as {unrelated}. Keen to take on more responsibility in the warehouse."
financial_accountant,strong,"Financial accountant with {experience} of experience in general ledger accounting, month-end and year-end closing and IFRS reporting. Responsible for the closing of several group companies and for audit coordination. Experienced in improving closing procedures."
financial_accountant,strong,"Accountant with {experience} of experience in closing processes for several group companies, IFRS reporting and audit coordination. Supervises junior staff and reviews postings. Highly proficient in SAP FI and Excel."
financial_accountant,adequate,"Accountant with {experience} of professional experience in general ledger accounting and monthly closing under IFRS. Accurate, structured and comfortable with SAP FI."
financial_accountant,adequate,"Financial accountant with {experience} of experience in bookkeeping, reconciliations and tax returns. Supports the monthly closing and the annual audit."
financial_accountant,borderline,"Junior accountant with {experience} of experience in general ledger accounting, after earlier work as {unrelated}. Building experience in reconciliations and closing tasks."
financial_accountant,borderline,"Accounting assistant with {experience} of experience in bookkeeping and reconciliations, who previously worked as {unrelated}. Keen to take on full closing responsibilities."
management_consultant,strong,"Management consultant with {experience} of experience in operations and process improvement projects for manufacturing clients, including workstream leadership. Presents regularly to client management and boards. Combines analytical depth with hands-on implementation."
management_consultant,strong,"Consultant with {experience} of experience in operations, procurement and supply chain projects, leading teams and presenting to client boards. Experienced in proposal writing and in coaching junior consultants. Focused on measurable results."
management_consultant,adequate,Consultant with {experience} of experience in process analysis and improvement projects for industrial clients. Strong in Excel modelling and in preparing management presentations.
management_consultant,adequate,Operations consultant with {experience} of experience in analysing processes and preparing management presentations for industrial clients. Works closely with client teams on implementation.
management_consultant,borderline,"Business analyst with {experience} of consulting experience in process analysis, after earlier work as {unrelated}. Strong analytical skills in Excel and PowerPoint."
management_consultant,borderline,"Junior consultant with {experience} of experience in operations projects, who previously worked as {unrelated}. Eager to take on workstream responsibility."
administrative_assistant,strong,"Administrative professional with {experience} of experience in office management and team assistance, including support for senior management. Organises events, office moves and complex schedules. Discreet with confidential information."
administrative_assistant,strong,"Executive assistant with {experience} of experience in organising offices, events and management schedules. Supervises junior office staff and manages service providers. Highly organised and reliable."
administrative_assistant,adequate,"Administrative assistant with {experience} of experience in office organisation, correspondence and appointment management. Structured and discreet in handling confidential documents."
administrative_assistant,adequate,"Team assistant with {experience} of experience in office administration, document management and invoice pre-checking. Friendly first point of contact for colleagues and visitors."
administrative_assistant,borderline,"Office clerk with {experience} of office administration experience, after earlier work as {unrelated}. Organised and keen to grow into a team assistant role."
administrative_assistant,borderline,"Junior office assistant with {experience} of experience in office organisation, who previously worked as {unrelated}. Reliable and quick to learn new office systems."
