customer_id,customer_reference,year_of_birth,occupation,employer,employed_since,net_income,source_of_funds,purpose,expected_incoming,cash_deposits,international_payments,channel,at_address_since,file_profile,indicator
software_developer,CUST-4805,1992,Software developer,"Software company in Germany, about 70 employees",2021,3650,Salary from the employer named above,"Receiving the salary, paying rent and everyday expenses",3650,None expected,None expected,In person at a branch,2019,plain,
retail_sales_associate,CUST-2317,1996,Sales associate in a consumer electronics store,Retail chain in Germany,2022,1780,Salary from the employer named above,"Receiving the salary, paying rent and everyday expenses",1780,None expected,None expected,"Online, identified by video call, no personal contact",2021,one_indicator,opened without personal contact
warehouse_associate,CUST-7742,1989,Warehouse associate,Logistics company in Germany,2019,1820,Salary from the employer named above,"Receiving the salary, paying rent and everyday expenses",1820,None expected,None expected,In person at a branch,2017,plain,
financial_accountant,CUST-3068,1987,Financial accountant,Manufacturing company in Germany,2018,3050,Salary from the employer named above,"Receiving the salary, paying rent and everyday expenses",3050,None expected,None expected,In person at a branch,2016,plain,
management_consultant,CUST-9154,1990,Management consultant,Consulting firm in Germany,2020,4400,Salary from the employer named above,"Receiving the salary, paying rent and everyday expenses",4400,None expected,None expected,"Online, identified by video call, no personal contact",2020,one_indicator,opened without personal contact
administrative_assistant,CUST-5521,1985,Administrative assistant,Engineering office in Germany,2017,2150,Salary from the employer named above,"Receiving the salary, paying rent and everyday expenses",2150,None expected,None expected,In person at a branch,2015,plain,
registered_nurse,CUST-6390,1991,Registered nurse,Hospital in Germany,2019,2750,Salary from the employer named above,"Receiving the salary, paying rent and everyday expenses",2750,None expected,None expected,In person at a branch,2018,plain,
civil_engineer,CUST-1876,1986,Civil engineer,Construction company in Germany,2018,3500,Salary from the employer named above,"Receiving the salary, paying rent and everyday expenses",3500,None expected,None expected,In person at a branch,2016,plain,
customer_service_agent,CUST-8243,1994,Customer service agent,Telecommunications company in Germany,2021,1850,Salary from the employer named above,"Receiving the salary, paying rent and everyday expenses",1850,None expected,None expected,In person at a branch,2020,plain,
marketing_specialist,CUST-4417,1993,Marketing specialist,Consumer goods company in Germany,2021,2900,Salary from the employer named above,"Receiving the salary, paying rent and everyday expenses",2900,None expected,None expected,"Online, identified by video call, no personal contact",2019,one_indicator,opened without personal contact
hr_officer,CUST-7095,1988,HR officer,Insurance company in Germany,2019,2650,Salary from the employer named above,"Receiving the salary, paying rent and everyday expenses",2650,None expected,None expected,In person at a branch,2017,plain,
data_analyst,CUST-2684,1993,Data analyst,Online retailer in Germany,2021,3300,Salary from the employer named above,"Receiving the salary, paying rent and everyday expenses",3300,None expected,None expected,In person at a branch,2020,plain,
hotel_front_desk_agent,CUST-5932,1997,Front desk agent in a hotel,Business hotel in Germany,2022,1750,Salary from the employer named above; tips in cash,"Receiving the salary, paying rent and everyday expenses",1900,About EUR 150 per month (tips),None expected,In person at a branch,2021,one_indicator,regular cash deposits
delivery_driver,CUST-3359,1984,Delivery driver,Regional distribution company in Germany,2018,1900,"Salary from the employer named above; additional income from self-employed courier work at weekends, about EUR 600 per month, partly in cash","Receiving the salary, paying rent and everyday expenses",2500,About EUR 300 per month (courier work),None expected,In person at a branch,2016,one_indicator,"second income, partly in cash"
electrician,CUST-8807,1982,Electrician,Facility management company in Germany,2016,2450,"Salary from the employer named above; additional income from small repair jobs, about EUR 400 per month, in cash","Receiving the salary, paying rent and everyday expenses",2850,About EUR 400 per month (repair jobs),None expected,In person at a branch,2014,one_indicator,second income in cash
it_support_technician,CUST-6128,1995,IT support technician,IT service provider in Germany,2022,2350,"Salary from the employer named above; additional income from selling used electronics online, about EUR 300 per month","Receiving the salary, paying rent and everyday expenses",2650,None expected,None expected,In person at a branch,2021,one_indicator,second income from online sales
procurement_officer,CUST-1493,1983,Procurement officer,Mechanical engineering company in Germany,2015,2900,Salary from the employer named above,"Receiving the salary, paying rent and everyday expenses",2900,None expected,None expected,In person at a branch,2013,plain,
security_guard,CUST-9670,1980,Security guard,Security services company in Germany,2017,1800,Salary from the employer named above,"Receiving the salary, paying rent and everyday expenses",1800,None expected,None expected,"Online, identified by video call, no personal contact",2015,one_indicator,opened without personal contact
line_cook,CUST-2056,1990,Cook in a hotel restaurant,Hotel restaurant in Germany,2020,1850,Salary from the employer named above; share of the tips in cash,"Receiving the salary, paying rent and everyday expenses",2150,About EUR 300 per month (tips),None expected,In person at a branch,2019,one_indicator,regular cash deposits
graphic_designer,CUST-7731,1991,Graphic designer,Advertising agency in Germany,2020,2300,"Salary from the employer named above; additional income from freelance design work, about EUR 500 per month, paid by bank transfer","Receiving the salary, paying rent and everyday expenses",2800,None expected,None expected,In person at a branch,2018,one_indicator,"second income, self-employed"
