code,country,demonym,group,subregion,arab_league_joined,arab_identity_contested,note
DZA,Algeria,Algerian,arab,maghreb,1962,false,
BHR,Bahrain,Bahraini,arab,gcc,1971,false,
COM,Comoros,Comorian,arab,horn_indian_ocean,1993,true,Arab identity contested (sensitivity analysis R1)
DJI,Djibouti,Djiboutian,arab,horn_indian_ocean,1977,true,Arab identity contested (sensitivity analysis R1)
EGY,Egypt,Egyptian,arab,nile_valley,1945,false,
IRQ,Iraq,Iraqi,arab,mashriq,1945,false,
JOR,Jordan,Jordanian,arab,mashriq,1945,false,
KWT,Kuwait,Kuwaiti,arab,gcc,1961,false,
LBN,Lebanon,Lebanese,arab,mashriq,1945,false,
LBY,Libya,Libyan,arab,maghreb,1953,false,
MRT,Mauritania,Mauritanian,arab,maghreb,1973,false,
MAR,Morocco,Moroccan,arab,maghreb,1958,false,
OMN,Oman,Omani,arab,gcc,1971,false,
PSE,Palestine,Palestinian,arab,mashriq,1976,false,Arab League member; statehood recognition varies internationally; kept as a common self-description (see README)
QAT,Qatar,Qatari,arab,gcc,1971,false,
SAU,Saudi Arabia,Saudi,arab,gcc,1945,false,
SOM,Somalia,Somali,arab,horn_indian_ocean,1974,true,Arab identity contested (sensitivity analysis R1)
SDN,Sudan,Sudanese,arab,nile_valley,1956,false,War since April 2023 (see README)
SYR,Syria,Syrian,arab,mashriq,1945,false,"Membership suspended 2011-2023, restored May 2023; treated as member"
TUN,Tunisia,Tunisian,arab,maghreb,1958,false,
ARE,United Arab Emirates,Emirati,arab,gcc,1971,false,
YEM,Yemen,Yemeni,arab,peninsula_non_gcc,1945,false,No World Bank GDP 2015-2022; excluded from H1d
DEU,Germany,German,benchmark,western_europe,,false,"Benchmark: Western European expatriate; reference level for benchmark contrasts"
POL,Poland,Polish,benchmark,eu_foreign,,false,"Benchmark: EU foreign, non-MENA"
TUR,Türkiye,Turkish,benchmark,non_arab_mena,,false,"Benchmark: non-Arab MENA, Muslim-majority"
URY,Uruguay,Uruguayan,placebo,latin_america,,false,Placebo nationality: baseline independent evaluation only
BOL,Bolivia,Bolivian,placebo,latin_america,,false,Placebo nationality: baseline independent evaluation only
SYC,Seychelles,Seychellois,placebo,sub_saharan_africa,,false,Placebo nationality: baseline independent evaluation only
MWI,Malawi,Malawian,placebo,sub_saharan_africa,,false,Placebo nationality: baseline independent evaluation only
MDV,Maldives,Maldivian,placebo,south_asia,,false,Placebo nationality: baseline independent evaluation only
NPL,Nepal,Nepalese,placebo,south_asia,,false,Placebo nationality: baseline independent evaluation only
MYS,Malaysia,Malaysian,placebo,east_asia_pacific,,false,Placebo nationality: baseline independent evaluation only
KHM,Cambodia,Cambodian,placebo,east_asia_pacific,,false,Placebo nationality: baseline independent evaluation only
NONE,,,control,not_stated,,false,Control: the Nationality line is omitted
