cv_id,occupation,qualification_tier,pilot,base_country,base_city,applicant_reference,reference_date,relevant_experience_months,total_experience_months,positive_control_education,location,work_authorization,driving_licence,availability,languages,profile,achievement1,achievement2,achievement3,exp1_title,exp1_employer,exp1_city,exp1_start,exp1_end,exp1_relevant,exp1_bullets,exp2_title,exp2_employer,exp2_city,exp2_start,exp2_end,exp2_relevant,exp2_bullets,exp3_title,exp3_employer,exp3_city,exp3_start,exp3_end,exp3_relevant,exp3_bullets,exp4_title,exp4_employer,exp4_city,exp4_start,exp4_end,exp4_relevant,exp4_bullets,edu1_degree,edu1_institution,edu1_start,edu1_end,edu2_degree,edu2_institution,edu2_start,edu2_end,edu3_degree,edu3_institution,edu3_start,edu3_end,skills,cert1_name,cert1_year,cert2_name,cert2_year,cert3_name,cert3_year
swdev_01,software_developer,strong,true,ARE,Dubai,APP-7689,2024-06,77,77,edu1 | edu2,"Dubai, United Arab Emirates",Authorized to work in the United Arab Emirates; no visa sponsorship required,Valid driving licence issued in the United Arab Emirates,One month's notice,English (C1),"Software engineer with 6 years of professional experience in backend development and cloud operations. Has held technical lead responsibility for a team of developers. Focused on reliable services, clean code and automated testing.","Mentored four junior developers, two of whom moved into mid-level roles",Shortened the release cycle from monthly to weekly by automating deployments,Halved the number of production incidents within a year through better monitoring,Lead Software Developer,Kitefield Web Services,Dubai,02/2022,present,true,Planned and carried out the migration of core services to Kubernetes | Ran technical interviews and onboarded new team members | Refactored legacy code to remove duplicated business logic | Built an internal Python library for authentication used by four teams | Built background jobs for nightly invoice generation,Software Engineer,Copperwick Systems,Sharjah,10/2020,12/2021,true,Containerised services with Docker and maintained GitLab CI pipelines | Implemented caching with Redis to reduce database load at peak times | Wrote technical documentation and API specifications (OpenAPI) | Designed relational database schemas and optimised SQL queries in PostgreSQL,Backend Developer,Cobaltline Systems,Sharjah,02/2019,08/2020,true,Fixed slow database queries identified through profiling | Monitored production services and resolved incidents as part of an on-call rotation | Integrated third-party payment and shipping APIs into the customer portal,Junior Backend Developer,Brightmere Technologies,Sharjah,07/2017,12/2018,true,Developed and maintained REST APIs in Python (FastAPI) for an order-management system | Took part in code reviews and sprint planning in a Scrum team of six developers | Added structured logging and dashboards for production monitoring,M.Sc. Computer Science,Khalifa University,2015,2017,B.Sc. Information Systems,University of Sharjah,2011,2015,Secondary school certificate,,,2010,AWS | Java | Docker | Linux | SQL | GitLab CI | Git | Kafka | Bash scripting | REST APIs | Python | Terraform,Microsoft Certified: Azure Developer Associate,2024,"Oracle Certified Professional, Java SE Programmer",2024,Professional Scrum Master I (PSM I),2022
swdev_02,software_developer,adequate,true,SAU,Riyadh,APP-4805,2024-06,50,50,edu1,"Riyadh, Saudi Arabia",Authorized to work in Saudi Arabia; no visa sponsorship required,Valid driving licence issued in Saudi Arabia,One month's notice,English (C1),"Software developer with 4 years of professional experience in backend development with Python, Java and SQL databases. Works well in agile teams and takes an active part in code reviews.",Resolved a recurring production incident by redesigning a slow database query,Delivered a shipping-provider integration two weeks ahead of schedule,,Software Developer,Ferncastle Data,Riyadh,12/2021,present,true,Improved the automated test coverage of a legacy Java service from 35% to 80% | Agreed API contracts for new features with the frontend developers | Fixed slow database queries identified through profiling | Refactored legacy code to remove duplicated business logic,Junior Software Developer,Bramblegate Software,Riyadh,01/2020,09/2021,true,Implemented backend features in Java (Spring Boot) and wrote unit and integration tests | Automated data imports from partner systems with Python scripts | Migrated a monolithic reporting module to separate services,,,,,,,,,,,,,,,B.Sc. Computer Science,King Saud University,2015,2019,Secondary school certificate,,,2014,,,,,Spring Boot | Python | SQL | REST APIs | IntelliJ IDEA | Java | Postman | Git | pytest | Visual Studio Code,Certified Kubernetes Application Developer (CKAD),2022,,,,
swdev_03,software_developer,borderline,true,QAT,Doha,APP-2549,2024-06,24,32,edu1,"Doha, Qatar",Authorized to work in Qatar; no visa sponsorship required,Valid driving licence issued in Qatar,One month's notice,English (C1),"Junior backend developer with 2 years of professional experience in Python and Java development, after earlier work as a manual software tester. Keen to deepen hands-on experience with REST APIs and SQL databases.",Completed an internal training programme on secure coding,Fixed more than 40 reported bugs in the customer portal,,Junior Backend Developer,Lumenridge Software,Doha,06/2022,present,true,Monitored production services and resolved incidents as part of an on-call rotation | Designed relational database schemas and optimised SQL queries in PostgreSQL | Agreed API contracts for new features with the frontend developers,Software Tester (Manual Testing),Stonecrest Trading,Doha,09/2021,05/2022,false,Documented defects and retested them after fixes | Checked user manuals against the behaviour of the software | Executed manual test cases for the online shop before each release,,,,,,,,,,,,,,,B.Sc. Information Systems,Carnegie Mellon University in Qatar,2017,2021,Secondary school certificate,,,2016,,,,,Git | Confluence | Jira | REST APIs | Java | Bash scripting | Python | SQL,,,,,,
swdev_04,software_developer,strong,true,ARE,Dubai,APP-6901,2024-06,108,108,edu1 | edu2,"Dubai, United Arab Emirates",Authorized to work in the United Arab Emirates; no visa sponsorship required,Valid driving licence issued in the United Arab Emirates,One month's notice,English (C1),"Backend developer with 9 years of professional experience in designing, building and operating web services with Python and Java. Experienced in leading small development teams and in defining service architectures. Works closely with product owners and operations staff.","Delivered an event-driven order platform that handles about 200,000 messages per day",Brought a delayed payment-integration project back on schedule as technical lead,Cut monthly cloud hosting costs by about 25% by right-sizing services,Senior Software Engineer,Tidewell Software,Dubai,09/2021,present,true,Mentored junior developers and introduced a code-review guideline | Led a team of four developers and coordinated releases with product management | Containerised services with Docker and maintained GitLab CI pipelines | Built an internal Python library for authentication used by four teams | Added structured logging and dashboards for production monitoring,Backend Developer,Northvale Cloud Services,Dubai,09/2019,06/2021,true,Wrote technical documentation and API specifications (OpenAPI) | Took part in code reviews and sprint planning in a Scrum team of six developers | Developed and maintained REST APIs in Python (FastAPI) for an order-management system | Built background jobs for nightly invoice generation,Software Developer,Ashgrove Data Solutions,Sharjah,03/2016,07/2019,true,Improved the automated test coverage of a legacy Java service from 35% to 80% | Agreed API contracts for new features with the frontend developers | Integrated third-party payment and shipping APIs into the customer portal,Junior Software Developer,Quillstone Digital,Abu Dhabi,12/2014,02/2016,true,Implemented backend features in Java (Spring Boot) and wrote unit and integration tests | Automated data imports from partner systems with Python scripts | Migrated a monolithic reporting module to separate services,M.Sc. Computer Science,University of Sharjah,2012,2014,B.Sc. Computer Science,Khalifa University,2007,2011,Secondary school certificate,,,2007,IntelliJ IDEA | Spring Boot | Kubernetes | REST APIs | Python | Git | SQL | FastAPI | Java | Confluence | PostgreSQL | Jira,"ISTQB Certified Tester, Foundation Level",2024,Certified Kubernetes Application Developer (CKAD),2018,AWS Certified Developer - Associate,2014
swdev_05,software_developer,adequate,true,SAU,Riyadh,APP-6438,2024-06,55,55,edu1,"Riyadh, Saudi Arabia",Authorized to work in Saudi Arabia; no visa sponsorship required,Valid driving licence issued in Saudi Arabia,One month's notice,English (C1),Backend developer with 4 years of professional experience in building and testing web services and database applications. Interested in clean interfaces and automated deployment.,Wrote the API documentation that became the template for the team's other services,Reduced the run time of the nightly batch jobs from three hours to 40 minutes,,Software Engineer,Copperwick Systems,Riyadh,11/2020,present,true,Wrote technical documentation and API specifications (OpenAPI) | Built an internal Python library for authentication used by four teams | Monitored production services and resolved incidents as part of an on-call rotation | Built background jobs for nightly invoice generation,Junior Backend Developer,Silverthread IT Services,Jeddah,09/2019,09/2020,true,Implemented caching with Redis to reduce database load at peak times | Integrated third-party payment and shipping APIs into the customer portal | Designed relational database schemas and optimised SQL queries in PostgreSQL,,,,,,,,,,,,,,,B.Sc. Information Systems,Prince Sultan University,2015,2019,Secondary school certificate,,,2014,,,,,Git | Linux | SQL | Bash scripting | REST APIs | Java | FastAPI | Python | Jira | GitLab CI,AWS Certified Developer - Associate,2019,,,,
swdev_06,software_developer,borderline,true,QAT,Doha,APP-9384,2024-06,22,34,edu1,"Doha, Qatar",Authorized to work in Qatar; no visa sponsorship required,Valid driving licence issued in Qatar,One month's notice,English (C1),"Software developer with 1 year of professional experience in backend development, who previously worked as an IT support specialist. Motivated to grow into a full backend role.",Automated a weekly status report with a short Python script,Shipped a first production feature within three months of joining the team,,Junior Software Developer,Silverthread IT Services,Doha,08/2022,present,true,Containerised services with Docker and maintained GitLab CI pipelines | Added structured logging and dashboards for production monitoring | Implemented backend features in Java (Spring Boot) and wrote unit and integration tests,IT Support Specialist,Parkline Facility Services,Al Rayyan,06/2021,06/2022,false,"Managed user accounts and access rights in the directory service | Handled first- and second-level support tickets for about 300 employees | Set up laptops, printers and phones for new colleagues",,,,,,,,,,,,,,,B.Sc. Computer Science,Qatar University,2017,2021,Secondary school certificate,,,2017,,,,,Visual Studio Code | Java | Git | Linux | Python | REST APIs | Postman | SQL,,,,,,
swdev_07,software_developer,adequate,false,OMN,Muscat,APP-5725,2024-06,40,40,edu1,"Muscat, Oman",Authorized to work in Oman; no visa sponsorship required,Valid driving licence issued in Oman,One month's notice,English (C1),"Software developer with 3 years of professional experience in backend development with Python, Java and SQL databases. Works well in agile teams and takes an active part in code reviews.","Automated partner data imports, saving about ten hours of manual work per week",Received the team's quarterly award for reliable on-call support,,Backend Developer,Lumenridge Software,Muscat,09/2022,present,true,Containerised services with Docker and maintained GitLab CI pipelines | Migrated a monolithic reporting module to separate services | Implemented caching with Redis to reduce database load at peak times | Refactored legacy code to remove duplicated business logic,Junior Backend Developer,Quillstone Digital,Sohar,12/2020,07/2022,true,Took part in code reviews and sprint planning in a Scrum team of six developers | Developed and maintained REST APIs in Python (FastAPI) for an order-management system | Added structured logging and dashboards for production monitoring,,,,,,,,,,,,,,,B.Sc. Computer Science,Sohar University,2016,2020,Secondary school certificate,,,2015,,,,,Terraform | Java | Python | Visual Studio Code | Confluence | Git | AWS | REST APIs | SQL | IntelliJ IDEA,"Oracle Certified Professional, Java SE Programmer",2024,,,,
swdev_08,software_developer,adequate,false,OMN,Muscat,APP-6992,2024-06,55,55,edu1,"Muscat, Oman",Authorized to work in Oman; no visa sponsorship required,Valid driving licence issued in Oman,One month's notice,English (C1),Backend developer with 4 years of professional experience in building and testing web services and database applications. Interested in clean interfaces and automated deployment.,Received the team's quarterly award for reliable on-call support,Delivered a shipping-provider integration two weeks ahead of schedule,,Software Engineer,Ashgrove Data Solutions,Muscat,01/2021,present,true,Monitored production services and resolved incidents as part of an on-call rotation | Integrated third-party payment and shipping APIs into the customer portal | Developed and maintained REST APIs in Python (FastAPI) for an order-management system | Took part in code reviews and sprint planning in a Scrum team of six developers,Junior Software Developer,Northvale Cloud Services,Muscat,10/2019,12/2020,true,Improved the automated test coverage of a legacy Java service from 35% to 80% | Automated data imports from partner systems with Python scripts | Fixed slow database queries identified through profiling,,,,,,,,,,,,,,,B.Sc. Information Systems,Sultan Qaboos University,2015,2019,Secondary school certificate,,,2014,,,,,Postman | Kafka | REST APIs | Bash scripting | SQL | Confluence | Kubernetes | Git | Python | Java,Professional Scrum Master I (PSM I),2021,,,,
retail_01,retail_sales_associate,strong,true,OMN,Muscat,APP-5185,2024-06,98,98,edu1,"Muscat, Oman",Authorized to work in Oman; no visa sponsorship required,Valid driving licence issued in Oman,One month's notice,English (C1),"Retail professional with 8 years of experience in consumer electronics and department stores, including shift coordination and training of new colleagues. Responsible for department sales targets and visual merchandising. Known for calm, friendly service at busy times.",Reduced stock discrepancies in the department by about 30% through weekly spot checks,Raised the mobile phones department's revenue by 15% in one year,Achieved the highest accessory sales in the store for six consecutive months,Team Lead Sales Floor,Soundstage Audio and Video,Muscat,01/2021,present,true,Trained new sales associates in checkout procedures and product advice | Planned product placement for the department together with the store manager | Kept the stockroom organised so that items could be found quickly | Set up new phones for customers and transferred their data | Balanced the till at the end of each shift,Sales Advisor,Maplecourt Department Store,Sohar,02/2019,11/2020,true,Received deliveries and booked goods into the merchandise management system | Replenished shelves and kept product displays tidy and correctly priced | Helped customers order items online for in-store collection | Answered product questions from customers by telephone,Sales Associate,Circuitry Lane Electronics,Sohar,07/2017,12/2018,true,Handled customer complaints and arranged repairs with the service desk | Checked price labels against the system after price changes | Demonstrated televisions and audio systems in the home entertainment area,Sales Assistant,Brookvale Home and Tech,Sohar,09/2015,04/2017,true,"Processed cash and card payments, returns and exchanges at the checkout | Prepared delivery and installation orders for large household appliances | Took part in quarterly stock counts and recorded discrepancies",Advanced Diploma in Retail Management,Modern College of Business and Science,2012,2015,Secondary school certificate,,,2012,,,,,Microsoft Excel | Cash register and card payments | Returns and exchanges | Shelf replenishment | Microsoft Teams | Visual merchandising | Accessory and warranty sales | POS software | Handheld stock-check devices | Complaint handling | Customer advice and sales | Online order pick-up,Customer service excellence course,2017,Professional selling skills course (3 days),2016,Visual merchandising course,2015
retail_02,retail_sales_associate,adequate,true,BHR,Manama,APP-7173,2024-06,32,32,edu1,"Manama, Bahrain",Authorized to work in Bahrain; no visa sponsorship required,Valid driving licence issued in Bahrain,One month's notice,English (C1),"Sales associate with 2 years of experience in customer advice, checkout and shelf management in retail. Enjoys explaining products and finding the right solution for each customer.",Recorded no till differences over a full year,Received consistently high scores in mystery-shopper visits,,Retail Sales Associate,Pixelcove Computer Store,Manama,11/2022,present,true,"Registered customers for the store loyalty programme | Advised customers on laptops, phones and accessories on the shop floor | Set up new phones for customers and transferred their data | Replenished shelves and kept product displays tidy and correctly priced",Junior Sales Associate,Voltmark Appliances,Muharraq,09/2021,10/2022,true,Set up promotional displays for seasonal campaigns | Explained product features and compared models for customers | Sold extended warranties and accessories as part of the sales conversation,,,,,,,,,,,,,,,Diploma in Retail and Sales,Bahrain Polytechnic,2019,2021,Secondary school certificate,,,2019,,,,,Merchandise management system | Consumer electronics product knowledge | Barcode scanners | Microsoft Excel | Customer advice and sales | Returns and exchanges | Cash register and card payments | Loyalty programme software | Microsoft Teams | Shelf replenishment,Consumer electronics product training (manufacturer programme),2022,,,,
retail_03,retail_sales_associate,borderline,true,JOR,Amman,APP-3557,2024-06,10,20,edu1,"Amman, Jordan",Authorized to work in Jordan; no visa sponsorship required,Valid driving licence issued in Jordan,One month's notice,English (C1),"Junior sales associate with 10 months of experience in retail sales, who previously worked as a call centre agent. Motivated to grow in customer advice and sales.",Reached the accessory sales target in the most recent quarter,Kept the till balanced without differences since joining the store,,Sales Assistant,Gadgetry Hall,Amman,08/2023,present,true,Demonstrated televisions and audio systems in the home entertainment area | Balanced the till at the end of each shift | Prepared delivery and installation orders for large household appliances,Call Centre Agent,Brightcall Customer Care,Amman,07/2022,05/2023,false,Answered customer calls about mobile phone contracts and bills | Forwarded technical problems to the second-level support team | Recorded address changes and contract cancellations in the CRM system,,,,,,,,,,,,,,,Diploma in Business (Sales and Marketing),Al-Balqa Applied University,2020,2022,Secondary school certificate,,,2020,,,,,POS software | Returns and exchanges | Barcode scanners | Cash register and card payments | Customer advice and sales | Shelf replenishment | Handheld stock-check devices | Loyalty programme software,,,,,,
retail_04,retail_sales_associate,strong,true,OMN,Muscat,APP-7040,2024-06,86,86,edu1,"Muscat, Oman",Authorized to work in Oman; no visa sponsorship required,Valid driving licence issued in Oman,One month's notice,English (C1),"Experienced sales associate with 7 years of retail experience, responsible for a store department and its sales targets. Trains new colleagues and covers as duty manager. Strong product knowledge in phones, computers and household appliances.",Named employee of the year by store management,"Trained eight new sales associates, all of whom passed their probation",Introduced a queue routine that cut checkout waiting times at peak hours,Deputy Department Manager,Signalpoint Mobile,Muscat,01/2021,present,true,"Analysed weekly sales figures and adjusted displays for slow-moving products | Managed the mobile phones department and its monthly sales targets | Helped customers order items online for in-store collection | Handled customer complaints and arranged repairs with the service desk | Processed cash and card payments, returns and exchanges at the checkout",Sales Advisor,Clearview Electronics Outlet,Sohar,09/2019,10/2020,true,Answered product questions from customers by telephone | Received deliveries and booked goods into the merchandise management system | Took part in quarterly stock counts and recorded discrepancies | Checked price labels against the system after price changes,Retail Sales Associate,Linkwave Phone Shop,Nizwa,11/2017,06/2019,true,Explained product features and compared models for customers | Registered customers for the store loyalty programme | Kept the stockroom organised so that items could be found quickly,Junior Sales Associate,Homegrid Appliance Centre,Nizwa,07/2016,08/2017,true,"Sold extended warranties and accessories as part of the sales conversation | Set up promotional displays for seasonal campaigns | Advised customers on laptops, phones and accessories on the shop floor",Advanced Diploma in Retail Management,Muscat College,2013,2016,Secondary school certificate,,,2012,,,,,Merchandise management system | Visual merchandising | Returns and exchanges | Shelf replenishment | POS software | Cash register and card payments | Loyalty programme software | Microsoft Excel | Customer advice and sales | Consumer electronics product knowledge | Stock counting | Barcode scanners,Customer service excellence course,2024,First aid certificate,2024,Consumer electronics product training (manufacturer programme),2017
retail_05,retail_sales_associate,adequate,true,BHR,Manama,APP-1081,2024-06,28,28,edu1,"Manama, Bahrain",Authorized to work in Bahrain; no visa sponsorship required,Valid driving licence issued in Bahrain,One month's notice,English (C1),Retail sales advisor with 2 years of experience in serving customers and handling payments in consumer electronics stores. Reliable team member at the checkout and on the shop floor.,Sold the most extended warranties in the team during a seasonal campaign,Was asked to train two new colleagues at the checkout,,Sales Associate,Soundstage Audio and Video,Manama,06/2023,present,true,"Helped customers order items online for in-store collection | Processed cash and card payments, returns and exchanges at the checkout | Took part in quarterly stock counts and recorded discrepancies | Kept the stockroom organised so that items could be found quickly",Sales Assistant,Brightvolt Electronics,Muharraq,11/2021,03/2023,true,Received deliveries and booked goods into the merchandise management system | Checked price labels against the system after price changes | Handled customer complaints and arranged repairs with the service desk,,,,,,,,,,,,,,,Diploma in Business (Sales and Marketing),Bahrain Polytechnic,2019,2021,Secondary school certificate,,,2019,,,,,Loyalty programme software | Customer advice and sales | Handheld stock-check devices | POS software | Returns and exchanges | Shelf replenishment | Accessory and warranty sales | Microsoft Teams | Barcode scanners | Cash register and card payments,First aid certificate,2023,,,,
retail_06,retail_sales_associate,borderline,true,JOR,Amman,APP-2816,2024-06,8,14,edu1,"Amman, Jordan",Authorized to work in Jordan; no visa sponsorship required,Valid driving licence issued in Jordan,One month's notice,English (C1),"Sales assistant with 8 months of retail sales experience, after earlier work as a warehouse assistant. Friendly and eager to build product knowledge in consumer electronics.",Received positive customer feedback in a mystery-shopper visit,Completed the store's product training for phones and laptops in the first month,,Junior Sales Associate,Circuitry Lane Electronics,Amman,10/2023,present,true,Registered customers for the store loyalty programme | Sold extended warranties and accessories as part of the sales conversation | Replenished shelves and kept product displays tidy and correctly priced,Warehouse Assistant,Parcelbridge Logistics,Amman,02/2023,08/2023,false,Wrapped pallets for outgoing deliveries | Picked orders for delivery to shops | Unloaded trucks and sorted incoming parcels,,,,,,,,,,,,,,,Diploma in Retail and Sales,Al-Balqa Applied University,2020,2022,Secondary school certificate,,,2020,,,,,Cash register and card payments | Barcode scanners | Returns and exchanges | Microsoft Teams | Microsoft Excel | Handheld stock-check devices | Shelf replenishment | Customer advice and sales,,,,,,
retail_07,retail_sales_associate,adequate,false,QAT,Doha,APP-4142,2024-06,39,39,edu1,"Doha, Qatar",Authorized to work in Qatar; no visa sponsorship required,Valid driving licence issued in Qatar,One month's notice,English (C1),Retail sales advisor with 3 years of experience in serving customers and handling payments in consumer electronics stores. Reliable team member at the checkout and on the shop floor.,Helped set up the store's click-and-collect counter,Reached the monthly accessory sales target in ten of twelve months,,Sales Advisor,Signalpoint Mobile,Doha,05/2022,present,true,Balanced the till at the end of each shift | Set up new phones for customers and transferred their data | Explained product features and compared models for customers | Set up promotional displays for seasonal campaigns,Junior Sales Associate,Maplecourt Department Store,Doha,02/2021,04/2022,true,Demonstrated televisions and audio systems in the home entertainment area | Answered product questions from customers by telephone | Prepared delivery and installation orders for large household appliances,,,,,,,,,,,,,,,Diploma in Business (Sales and Marketing),College of the North Atlantic-Qatar,2019,2021,Secondary school certificate,,,2019,,,,,Handheld stock-check devices | Customer advice and sales | POS software | Shelf replenishment | Returns and exchanges | Stock counting | Microsoft Excel | Cash register and card payments | Complaint handling | Loyalty programme software,Professional selling skills course (3 days),2024,,,,
retail_08,retail_sales_associate,adequate,false,QAT,Doha,APP-3818,2024-06,26,26,edu1,"Doha, Qatar",Authorized to work in Qatar; no visa sponsorship required,Valid driving licence issued in Qatar,One month's notice,English (C1),"Sales associate with 2 years of experience in customer advice, checkout and shelf management in retail. Enjoys explaining products and finding the right solution for each customer.",Recorded no till differences over a full year,Received consistently high scores in mystery-shopper visits,,Retail Sales Associate,Clearview Electronics Outlet,Doha,06/2023,present,true,Checked price labels against the system after price changes | Prepared delivery and installation orders for large household appliances | Replenished shelves and kept product displays tidy and correctly priced | Received deliveries and booked goods into the merchandise management system,Sales Assistant,Homegrid Appliance Centre,Al Wakrah,03/2022,05/2023,true,"Advised customers on laptops, phones and accessories on the shop floor | Answered product questions from customers by telephone | Helped customers order items online for in-store collection",,,,,,,,,,,,,,,Diploma in Retail and Sales,College of the North Atlantic-Qatar,2019,2021,Secondary school certificate,,,2019,,,,,Microsoft Teams | Returns and exchanges | Microsoft Excel | Cash register and card payments | Shelf replenishment | Barcode scanners | POS software | Customer advice and sales | Handheld stock-check devices | Online order pick-up,Visual merchandising course,2022,,,,
whse_01,warehouse_associate,strong,true,KWT,Kuwait City,APP-9598,2024-06,75,75,edu1,"Kuwait City, Kuwait",Authorized to work in Kuwait; no visa sponsorship required,Valid driving licence issued in Kuwait,One month's notice,English (C1),"Warehouse logistics specialist with 6 years of experience in goods receipt, picking and shipping, including shift coordination. Experienced in training new colleagues and in improving picking routes. Committed to safe and accurate work.",Shortened average picking routes by about 15% with a new shelf layout,Led the shift through the peak season without any lost-time accidents,Cut the backlog of unprocessed returns from two weeks to two days,Shift Lead Warehouse,Trailmark Freight,Kuwait City,03/2022,present,true,Planned daily staffing of the goods receipt area with the warehouse manager | Acted as first contact for carriers during the late shift | Packed spare parts according to customer packaging specifications | Operated forklifts and pallet trucks for loading and unloading trucks | Picked and packed customer orders with handheld scanners (about 150 order lines per shift),Warehouse Associate,Crossdock Supply Services,Al Ahmadi,09/2020,01/2022,true,"Recorded damaged goods and prepared documentation for claims | Checked expiry dates and rotated stock on a first-in, first-out basis | Labelled and weighed parcels for domestic and overseas shipping | Wrapped and labelled pallets for outbound deliveries",Warehouse Logistics Specialist,Ridgeway Storage Solutions,Al Ahmadi,04/2019,06/2020,true,Worked in early and late shifts in a team of 20 warehouse staff | Unloaded containers and sorted goods by storage zone | Followed occupational safety rules and kept the work area clean and organised,Warehouse Assistant,Loadwell Contract Logistics,Hawalli,07/2017,01/2019,true,Assembled multi-item orders for business customers | Carried out regular inventory counts and reported discrepancies | Processed customer returns and assessed the condition of returned goods,Advanced Diploma in Logistics and Supply Chain Management,Public Authority for Applied Education and Training,2014,2017,Secondary school certificate,,,2014,,,,,Reach truck operation | SAP EWM | Parcel weighing scales | Returns processing | Handheld scanner operation | Order picking | Goods receipt and inspection | Forklift operation | Loading and load securing | Inventory counting | Dangerous goods handling | Carrier booking portals,Reach truck operator certificate,2022,SAP EWM user training,2018,Forklift operator certificate,2017
whse_02,warehouse_associate,adequate,true,EGY,Cairo,APP-2120,2024-06,29,29,edu1,"Cairo, Egypt",Authorized to work in Egypt; no visa sponsorship required,Valid driving licence issued in Egypt,One month's notice,English (C1),"Warehouse worker with 2 years of experience in order picking, shipping and inventory counts. Works accurately with handheld scanners and the warehouse management system.",Helped clear a backlog of incoming containers during the peak season,Was chosen to train new colleagues on the handheld scanners,,Warehouse Operative,Freightmark Fulfilment,Cairo,06/2023,present,true,Reported damaged racking and equipment to the shift lead | Booked stock transfers between storage locations in the warehouse management system | Picked and packed customer orders with handheld scanners (about 150 order lines per shift) | Carried out regular inventory counts and reported discrepancies,Picker and Packer,Stackwell Warehousing,Giza,12/2021,05/2023,true,Replenished picking locations from the high-bay storage area | Checked incoming goods against delivery notes and recorded them in SAP EWM | Secured loads and prepared outgoing shipments for carriers,,,,,,,,,,,,,,,Diploma in Supply Chain Operations,Modern Academy for Computer Science and Management Technology,2019,2021,Secondary school certificate,,,2018,,,,,Forklift operation | SAP EWM | Microsoft Outlook | Order picking | Microsoft Excel (basic) | Stretch-wrap machines | Goods receipt and inspection | Label printers | Handheld scanner operation | Pallet truck operation,Forklift operator certificate,2021,Workplace health and safety course,2021,,
whse_03,warehouse_associate,borderline,true,ARE,Dubai,APP-7296,2024-06,10,23,edu1,"Dubai, United Arab Emirates",Authorized to work in the United Arab Emirates; no visa sponsorship required,Valid driving licence issued in the United Arab Emirates,One month's notice,English (C1),"Warehouse assistant with 10 months of warehouse experience in picking and goods receipt, after earlier work as a delivery driver. Reliable and willing to work in early and late shifts.",Reached the standard picking rate within the first month,Received positive feedback from the shift lead for accuracy,,Picker and Packer,Palletline Distribution,Dubai,08/2023,present,true,Recorded damaged goods and prepared documentation for claims | Followed occupational safety rules and kept the work area clean and organised | Wrapped and labelled pallets for outbound deliveries,Delivery Driver,Doorstep Delivery Services,Sharjah,04/2022,05/2023,false,Loaded the van in delivery order before each route | Delivered furniture and household appliances to private customers | Carried out daily safety checks on the delivery van,,,,,,,,,,,,,,,Diploma in Logistics and Warehouse Operations,Higher Colleges of Technology,2020,2022,Secondary school certificate,,,2020,,,,,SAP EWM | Carrier booking portals | Microsoft Outlook | Label printers | Order picking | Handheld scanner operation | Goods receipt and inspection | Forklift operation,Forklift operator certificate,2023,,,,
whse_04,warehouse_associate,strong,true,KWT,Kuwait City,APP-7972,2024-06,89,89,edu1,"Kuwait City, Kuwait",Authorized to work in Kuwait; no visa sponsorship required,Valid driving licence issued in Kuwait,One month's notice,English (C1),"Experienced warehouse professional with 7 years of experience in contract logistics, forklift operation and team coordination. Leads shift teams through busy peak seasons. Familiar with dangerous goods handling and inventory control.",Rated the site's best shift lead in the annual staff review,Reduced picking errors on the shift by about 40% with double-checks for high-value items,Trained twelve new warehouse associates on scanners and safety rules,Senior Warehouse Associate,Shelfline Logistics,Kuwait City,01/2021,present,true,Handled dangerous goods in line with the applicable safety rules | Trained new colleagues in picking processes and scanner use | Labelled and weighed parcels for domestic and overseas shipping | Operated forklifts and pallet trucks for loading and unloading trucks | Worked in early and late shifts in a team of 20 warehouse staff,Warehouse Logistics Specialist,Boxbridge Distribution,Al Ahmadi,04/2019,10/2020,true,"Assembled multi-item orders for business customers | Checked expiry dates and rotated stock on a first-in, first-out basis | Packed spare parts according to customer packaging specifications | Processed customer returns and assessed the condition of returned goods",Warehouse Operative,Northgate Fulfilment,Hawalli,02/2018,02/2019,true,Secured loads and prepared outgoing shipments for carriers | Reported damaged racking and equipment to the shift lead | Unloaded containers and sorted goods by storage zone,Picker and Packer,Swiftcrate Logistics,Kuwait City,07/2016,01/2018,true,Checked incoming goods against delivery notes and recorded them in SAP EWM | Booked stock transfers between storage locations in the warehouse management system | Replenished picking locations from the high-bay storage area,Advanced Diploma in Logistics and Supply Chain Management,Public Authority for Applied Education and Training,2013,2016,Secondary school certificate,,,2013,,,,,Returns processing | Handheld scanner operation | Reach truck operation | Dangerous goods handling | Forklift operation | Pallet truck operation | Order picking | Inventory counting | SAP EWM | Microsoft Excel (basic) | Stretch-wrap machines | Goods receipt and inspection,First aid certificate,2021,Dangerous goods awareness training,2018,Forklift operator certificate,2016
whse_05,warehouse_associate,adequate,true,EGY,Cairo,APP-8316,2024-06,31,31,edu1,"Cairo, Egypt",Authorized to work in Egypt; no visa sponsorship required,Valid driving licence issued in Egypt,One month's notice,English (C1),"Warehouse associate with 2 years of experience in picking, goods receipt and forklift operation. Reliable in early and late shifts.",Achieved the highest count accuracy on the shift in the annual stocktake,Worked without a recorded safety incident since joining the warehouse,,Warehouse Associate,Trailmark Freight,Cairo,06/2023,present,true,Recorded damaged goods and prepared documentation for claims | Wrapped and labelled pallets for outbound deliveries | Labelled and weighed parcels for domestic and overseas shipping | Processed customer returns and assessed the condition of returned goods,Warehouse Assistant,Cargoway Logistics,Giza,10/2021,05/2023,true,"Followed occupational safety rules and kept the work area clean and organised | Packed spare parts according to customer packaging specifications | Checked expiry dates and rotated stock on a first-in, first-out basis",,,,,,,,,,,,,,,Diploma in Logistics and Warehouse Operations,Sadat Academy for Management Sciences,2019,2021,Secondary school certificate,,,2019,,,,,Inventory counting | Parcel weighing scales | Handheld scanner operation | Carrier booking portals | Forklift operation | SAP EWM | Order picking | Loading and load securing | Goods receipt and inspection | Stretch-wrap machines,Reach truck operator certificate,2024,Forklift operator certificate,2021,,
whse_06,warehouse_associate,borderline,true,ARE,Dubai,APP-9777,2024-06,10,20,edu1,"Dubai, United Arab Emirates",Authorized to work in the United Arab Emirates; no visa sponsorship required,Valid driving licence issued in the United Arab Emirates,One month's notice,English (C1),"Picker and packer with 10 months of warehouse experience, who previously worked as a kitchen assistant. Keen to take on more responsibility in the warehouse.",Completed forklift and safety training in the first weeks,Covered extra shifts during the peak season,,Warehouse Assistant,Loadwell Contract Logistics,Dubai,08/2023,present,true,Checked incoming goods against delivery notes and recorded them in SAP EWM | Carried out regular inventory counts and reported discrepancies | Secured loads and prepared outgoing shipments for carriers,Kitchen Assistant,Greenleaf Catering,Dubai,09/2022,07/2023,false,Received food deliveries and stored them correctly | Prepared vegetables and salads for the lunch service | Cleaned kitchen equipment according to the hygiene plan,,,,,,,,,,,,,,,Diploma in Supply Chain Operations,Higher Colleges of Technology,2020,2022,Secondary school certificate,,,2019,,,,,SAP EWM | Microsoft Excel (basic) | Goods receipt and inspection | Forklift operation | Stretch-wrap machines | Order picking | Handheld scanner operation | Parcel weighing scales,Forklift operator certificate,2023,,,,
whse_07,warehouse_associate,adequate,false,BHR,Manama,APP-2031,2024-06,26,26,edu1,"Manama, Bahrain",Authorized to work in Bahrain; no visa sponsorship required,Valid driving licence issued in Bahrain,One month's notice,English (C1),"Warehouse associate with 2 years of experience in picking, goods receipt and forklift operation. Reliable in early and late shifts.",Found and corrected a recurring stock-booking error in goods receipt,Consistently exceeded the shift picking target of 150 order lines,,Warehouse Logistics Specialist,Boxbridge Distribution,Manama,06/2023,present,true,Unloaded containers and sorted goods by storage zone | Picked and packed customer orders with handheld scanners (about 150 order lines per shift) | Replenished picking locations from the high-bay storage area | Booked stock transfers between storage locations in the warehouse management system,Picker and Packer,Crossdock Supply Services,Riffa,03/2022,05/2023,true,Assembled multi-item orders for business customers | Worked in early and late shifts in a team of 20 warehouse staff | Operated forklifts and pallet trucks for loading and unloading trucks,,,,,,,,,,,,,,,Diploma in Logistics and Warehouse Operations,Bahrain Polytechnic,2019,2021,Secondary school certificate,,,2018,,,,,Reach truck operation | Dangerous goods handling | Microsoft Outlook | Label printers | SAP EWM | Parcel weighing scales | Forklift operation | Goods receipt and inspection | Order picking | Handheld scanner operation,Dangerous goods awareness training,2022,Forklift operator certificate,2022,,
whse_08,warehouse_associate,adequate,false,BHR,Manama,APP-9080,2024-06,30,30,edu1,"Manama, Bahrain",Authorized to work in Bahrain; no visa sponsorship required,Valid driving licence issued in Bahrain,One month's notice,English (C1),"Warehouse worker with 2 years of experience in order picking, shipping and inventory counts. Works accurately with handheld scanners and the warehouse management system.",Achieved the highest count accuracy on the shift in the annual stocktake,Found and corrected a recurring stock-booking error in goods receipt,,Warehouse Associate,Northgate Fulfilment,Manama,04/2023,present,true,"Secured loads and prepared outgoing shipments for carriers | Packed spare parts according to customer packaging specifications | Checked expiry dates and rotated stock on a first-in, first-out basis | Followed occupational safety rules and kept the work area clean and organised",Warehouse Assistant,Palletline Distribution,Manama,11/2021,03/2023,true,Reported damaged racking and equipment to the shift lead | Unloaded containers and sorted goods by storage zone | Carried out regular inventory counts and reported discrepancies,,,,,,,,,,,,,,,Diploma in Supply Chain Operations,Bahrain Polytechnic,2019,2021,Secondary school certificate,,,2019,,,,,Returns processing | Handheld scanner operation | Microsoft Excel (basic) | Forklift operation | Goods receipt and inspection | Microsoft Outlook | Carrier booking portals | Order picking | SAP EWM | Label printers,First aid certificate,2023,Forklift operator certificate,2021,,
acct_01,financial_accountant,strong,true,SAU,Riyadh,APP-4960,2024-06,109,109,edu1 | edu2,"Riyadh, Saudi Arabia",Authorized to work in Saudi Arabia; no visa sponsorship required,Valid driving licence issued in Saudi Arabia,One month's notice,English (C1),"Financial accountant with 9 years of experience in general ledger accounting, month-end and year-end closing and IFRS reporting. Responsible for the closing of several group companies and for audit coordination. Experienced in improving closing procedures.",Identified duplicate supplier payments and recovered the full amounts,Shortened the month-end closing from eight to five working days,Built a consolidation model that replaced manual spreadsheets for four subsidiaries,Team Lead General Ledger,Granite Steel Trading,Riyadh,01/2021,present,true,Prepared IFRS reporting packages for the group parent company | Reviewed tax returns prepared by colleagues before submission | Processed accounts payable and receivable including payment reminders | Automated recurring reconciliations with Excel macros | Reconciled customer accounts and followed up on overdue balances,Financial Accountant,Silverbirch Pharmaceuticals,Riyadh,07/2019,11/2020,true,"Supported the external auditors during the annual audit | Reconciled bank accounts, balance sheet accounts and intercompany balances | Prepared periodic tax returns and supported the annual tax filing | Posted day-to-day business transactions in the general ledger (SAP FI)",General Ledger Accountant,Brightwater Medical Devices,Dammam,11/2016,05/2019,true,Prepared cash flow statements and weekly cash position reports | Prepared accruals and provisions for the month-end closing | Maintained the fixed asset register and calculated depreciation,Accounting Assistant,Meadowlark Foods,Riyadh,12/2014,10/2016,true,Maintained the chart of accounts and cost centre master data | Prepared monthly cost centre reports for management | Prepared monthly and annual financial statements under IFRS,M.Sc. Accounting and Finance,King Saud University,2012,2014,B.Sc. Business Administration (major in Accounting),King Abdulaziz University,2008,2012,Secondary school certificate,,,2007,General ledger accounting | Group consolidation | Oracle NetSuite | IFRS | Power BI | MS Excel (advanced) | Month-end and year-end closing | Accounts payable and receivable | SAP FI | Tax returns | Fixed asset accounting | Intercompany reconciliation,Certified Management Accountant (CMA),2023,"Microsoft Office Specialist, Excel Expert",2020,SAP S/4HANA FI user training,2019
acct_02,financial_accountant,adequate,true,KWT,Kuwait City,APP-1171,2024-06,52,52,edu1,"Kuwait City, Kuwait",Authorized to work in Kuwait; no visa sponsorship required,Valid driving licence issued in Kuwait,One month's notice,English (C1),"Financial accountant with 4 years of experience in bookkeeping, reconciliations and tax returns. Supports the monthly closing and the annual audit.","Automated four recurring reconciliations, saving about a day of work each month",Documented the closing procedures used by the accounting team,,Accountant,Bluebell Retail Holdings,Kuwait City,06/2021,present,true,"Posted payroll entries and reconciled payroll accounts | Answered queries from the tax advisor and prepared supporting documents | Reconciled bank accounts, balance sheet accounts and intercompany balances | Maintained the fixed asset register and calculated depreciation",Junior Accountant,Oakhurst Real Estate,Kuwait City,01/2020,05/2021,true,Calculated and posted currency revaluations at month end | Prepared lease accounting entries under IFRS 16 | Reviewed supplier invoices for correct coding and approval,,,,,,,,,,,,,,,B.Sc. Accounting,American University of Kuwait,2015,2019,Secondary school certificate,,,2014,,,,,Cash flow forecasting | SAP FI | CaseWare | Microsoft Power Query | IFRS | Microsoft Outlook | MS Excel (advanced) | Tax returns | General ledger accounting | Month-end and year-end closing,IFRS certificate (ACCA DipIFR),2021,,,,
acct_03,financial_accountant,borderline,true,EGY,Cairo,APP-5648,2024-06,23,29,edu1,"Cairo, Egypt",Authorized to work in Egypt; no visa sponsorship required,Valid driving licence issued in Egypt,One month's notice,English (C1),"Junior accountant with 1 year of experience in general ledger accounting, after earlier work as a customer service representative. Building experience in reconciliations and closing tasks.",Reduced the number of unmatched supplier invoices in the assigned accounts,Completed the company's SAP FI training in the first month,,Junior Accountant,Westmere Energy Services,Cairo,07/2022,present,true,Prepared monthly cost centre reports for management | Calculated and posted currency revaluations at month end | Prepared periodic tax returns and supported the annual tax filing,Customer Service Representative,Grandview Hotels,Alexandria,12/2021,06/2022,false,Processed simple contract changes for customers | Answered customer enquiries by telephone and e-mail | Updated customer addresses in the CRM system,,,,,,,,,,,,,,,B.Sc. Business Administration (major in Accounting),American University in Cairo,2017,2021,Secondary school certificate,,,2017,,,,,General ledger accounting | Month-end and year-end closing | Tax returns | SharePoint | IFRS | SAP FI | Microsoft PowerPoint | MS Excel (advanced),,,,,,
acct_04,financial_accountant,strong,true,SAU,Riyadh,APP-3070,2024-06,108,108,edu1 | edu2,"Riyadh, Saudi Arabia",Authorized to work in Saudi Arabia; no visa sponsorship required,Valid driving licence issued in Saudi Arabia,One month's notice,English (C1),"Accountant with 9 years of experience in closing processes for several group companies, IFRS reporting and audit coordination. Supervises junior staff and reviews postings. Highly proficient in SAP FI and Excel.",Trained two accounting assistants who later took over the payables process,Led the first IFRS 16 lease accounting implementation for the group,Completed three consecutive annual audits without material findings,Senior Financial Accountant,Riverstone Hospitality Group,Riyadh,03/2021,present,true,"Responsible for the month-end closing of three subsidiaries | Prepared the group consolidation, including the elimination of intercompany balances | Automated recurring reconciliations with Excel macros | Supported the external auditors during the annual audit | Prepared cash flow statements and weekly cash position reports",Financial Accountant,Stonecrest Trading,Riyadh,09/2019,02/2021,true,Prepared monthly and annual financial statements under IFRS | Posted day-to-day business transactions in the general ledger (SAP FI) | Maintained the chart of accounts and cost centre master data | Reconciled customer accounts and followed up on overdue balances,Accountant,Elmstead Furniture,Riyadh,09/2016,06/2019,true,Answered queries from the tax advisor and prepared supporting documents | Calculated and posted currency revaluations at month end | Processed accounts payable and receivable including payment reminders,Junior Accountant,Ironbridge Engineering,Dammam,01/2015,08/2016,true,Prepared lease accounting entries under IFRS 16 | Reviewed supplier invoices for correct coding and approval | Posted payroll entries and reconciled payroll accounts,M.Sc. Accounting and Finance,King Saud University,2012,2014,B.Sc. Accounting,King Abdulaziz University,2007,2011,Secondary school certificate,,,2006,Fixed asset accounting | General ledger accounting | Tax returns | Month-end and year-end closing | MS Excel (advanced) | SAP FI | SharePoint | IFRS | Power BI | Accounts payable and receivable | Microsoft Outlook | Cash flow forecasting,IFRS certificate (ACCA DipIFR),2022,Certified Management Accountant (CMA),2019,Financial modelling course,2017
acct_05,financial_accountant,adequate,true,KWT,Kuwait City,APP-1779,2024-06,37,37,edu1,"Kuwait City, Kuwait",Authorized to work in Kuwait; no visa sponsorship required,Valid driving licence issued in Kuwait,One month's notice,English (C1),"Accountant with 3 years of professional experience in general ledger accounting and monthly closing under IFRS. Accurate, structured and comfortable with SAP FI.",Prepared the fixed asset schedules for the annual audit without adjustments,Reduced overdue customer balances by about 20% through regular follow-up,,General Ledger Accountant,Ironbridge Engineering,Kuwait City,12/2022,present,true,Maintained the chart of accounts and cost centre master data | Supported the external auditors during the annual audit | Posted day-to-day business transactions in the general ledger (SAP FI) | Prepared periodic tax returns and supported the annual tax filing,Accounting Assistant,Hollybrook Packaging,Hawalli,03/2021,10/2022,true,Prepared accruals and provisions for the month-end closing | Prepared monthly and annual financial statements under IFRS | Automated recurring reconciliations with Excel macros,,,,,,,,,,,,,,,B.Sc. Business Administration (major in Accounting),Kuwait University,2017,2021,Secondary school certificate,,,2017,,,,,SAP FI | MS Excel (advanced) | General ledger accounting | IFRS | SharePoint | Tax returns | Microsoft PowerPoint | Oracle NetSuite | Group consolidation | Month-end and year-end closing,SAP S/4HANA FI user training,2023,,,,
acct_06,financial_accountant,borderline,true,EGY,Cairo,APP-2368,2024-06,18,26,edu1,"Cairo, Egypt",Authorized to work in Egypt; no visa sponsorship required,Valid driving licence issued in Egypt,One month's notice,English (C1),"Accounting assistant with 1 year of experience in bookkeeping and reconciliations, who previously worked as a sales assistant. Keen to take on full closing responsibilities.",Received positive feedback from the finance manager for accurate postings,Reconciled all assigned bank accounts on time every month,,Accounting Assistant,Silverbirch Pharmaceuticals,Cairo,12/2022,present,true,Reconciled customer accounts and followed up on overdue balances | Processed accounts payable and receivable including payment reminders | Maintained the fixed asset register and calculated depreciation,Sales Assistant,Clearline Telecom Services,Giza,03/2022,11/2022,false,Prepared customer presentations for the sales team | Scheduled customer appointments for the field sales staff | Prepared price quotes for customers from the current price lists,,,,,,,,,,,,,,,B.Sc. Accounting,Ain Shams University,2017,2021,Secondary school certificate,,,2017,,,,,Tax returns | SAP FI | General ledger accounting | MS Excel (advanced) | Microsoft Power Query | CaseWare | Month-end and year-end closing | IFRS,,,,,,
acct_07,financial_accountant,adequate,false,ARE,Dubai,APP-9637,2024-06,41,41,edu1,"Dubai, United Arab Emirates",Authorized to work in the United Arab Emirates; no visa sponsorship required,Valid driving licence issued in the United Arab Emirates,One month's notice,English (C1),"Financial accountant with 3 years of experience in bookkeeping, reconciliations and tax returns. Supports the monthly closing and the annual audit.",Took over the payroll reconciliation and completed it on time every month,Cleared a backlog of about 300 unreconciled bank items within two months,,Financial Accountant,Riverstone Hospitality Group,Dubai,07/2022,present,true,Processed accounts payable and receivable including payment reminders | Answered queries from the tax advisor and prepared supporting documents | Prepared accruals and provisions for the month-end closing | Prepared lease accounting entries under IFRS 16,Accounting Assistant,Meadowlark Foods,Sharjah,10/2020,04/2022,true,Prepared cash flow statements and weekly cash position reports | Prepared monthly cost centre reports for management | Reconciled customer accounts and followed up on overdue balances,,,,,,,,,,,,,,,B.Sc. Accounting,American University of Sharjah,2016,2020,Secondary school certificate,,,2016,,,,,Oracle NetSuite | Power BI | MS Excel (advanced) | IFRS | CaseWare | Month-end and year-end closing | Tax returns | SAP FI | General ledger accounting | Intercompany reconciliation,"Microsoft Office Specialist, Excel Expert",2022,,,,
acct_08,financial_accountant,adequate,false,ARE,Dubai,APP-4110,2024-06,38,38,edu1,"Dubai, United Arab Emirates",Authorized to work in the United Arab Emirates; no visa sponsorship required,Valid driving licence issued in the United Arab Emirates,One month's notice,English (C1),"Accountant with 3 years of professional experience in general ledger accounting and monthly closing under IFRS. Accurate, structured and comfortable with SAP FI.","Automated four recurring reconciliations, saving about a day of work each month",Documented the closing procedures used by the accounting team,,General Ledger Accountant,Elmstead Furniture,Dubai,06/2022,present,true,Maintained the chart of accounts and cost centre master data | Maintained the fixed asset register and calculated depreciation | Prepared monthly and annual financial statements under IFRS | Automated recurring reconciliations with Excel macros,Junior Accountant,Stonecrest Trading,Abu Dhabi,01/2021,03/2022,true,"Posted payroll entries and reconciled payroll accounts | Reviewed supplier invoices for correct coding and approval | Reconciled bank accounts, balance sheet accounts and intercompany balances",,,,,,,,,,,,,,,B.Sc. Business Administration (major in Accounting),UAE University,2016,2020,Secondary school certificate,,,2016,,,,,Microsoft PowerPoint | Fixed asset accounting | General ledger accounting | Tax returns | Microsoft Outlook | MS Excel (advanced) | IFRS | Accounts payable and receivable | Month-end and year-end closing | SAP FI,Financial modelling course,2021,,,,
cons_01,management_consultant,strong,true,JOR,Amman,APP-5134,2024-06,113,113,edu1 | edu2,"Amman, Jordan",Authorized to work in Jordan; no visa sponsorship required,Valid driving licence issued in Jordan,One month's notice,English (C1),"Management consultant with 9 years of experience in operations and process improvement projects for manufacturing clients, including workstream leadership. Presents regularly to client management and boards. Combines analytical depth with hands-on implementation.","Coached five junior consultants, three of whom were promoted",Developed a supply chain diagnostic that the firm now offers as a standard service,Won two follow-on projects through strong client relationships,Senior Consultant,Kingfisher Operations Group,Amman,07/2021,present,true,Owned the budget and staffing of projects with teams of up to eight people | Delivered a working-capital programme that reduced client inventory by 18% | Developed KPI frameworks for warehouse and transport operations | Developed business cases and Excel models for cost-reduction programmes | Wrote sections of proposals and prepared pitch documents,Consultant,Clearmark Management Consulting,Irbid,03/2017,04/2021,true,Prepared and presented steering committee materials for client management | Prepared market and competitor analyses for client proposals | Prepared benchmarking studies of logistics costs for industrial clients | Facilitated problem-solving workshops with plant supervisors,Business Consultant,Bridgeworth Consulting,Zarqa,11/2015,12/2016,true,Coordinated a workstream of three client employees in a procurement project | Carried out a supplier analysis that identified savings of 7% in indirect spend | Supported a lean transformation on the shop floor of an industrial manufacturer,Junior Consultant,Tempo Process Consulting,Amman,06/2014,10/2015,true,Conducted interviews and workshops with client staff to map current processes | Analysed production and logistics processes at medium-sized manufacturing clients | Mapped order-to-cash processes and identified bottlenecks with client teams,M.Sc. Industrial Engineering and Management,Jordan University of Science and Technology,2012,2014,B.Sc. Industrial Engineering,University of Jordan,2007,2011,Secondary school certificate,,,2007,Business case development | Microsoft Visio | Python (pandas) | Excel modelling | PowerPoint storylining | Change management | Stakeholder management | SQL | Power BI | Tableau | Process analysis and optimisation | Workstream leadership,Professional Scrum Product Owner I (PSPO I),2024,Lean Six Sigma Green Belt,2020,PRINCE2 Foundation,2020
cons_02,management_consultant,adequate,true,EGY,Cairo,APP-7013,2024-06,42,42,edu1,"Cairo, Egypt",Authorized to work in Egypt; no visa sponsorship required,Valid driving licence issued in Egypt,One month's notice,English (C1),Operations consultant with 3 years of experience in analysing processes and preparing management presentations for industrial clients. Works closely with client teams on implementation.,Received top ratings from client management in two project reviews,Ran a series of workshops that mapped 25 core client processes,,Operations Consultant,Keystride Strategy Partners,Cairo,02/2022,present,true,Designed and implemented a new spare-parts planning process at a client site | Built Power BI dashboards to track project KPIs | Analysed production and logistics processes at medium-sized manufacturing clients | Developed KPI frameworks for warehouse and transport operations,Business Analyst,Brightlane Process Advisory,Giza,11/2020,01/2022,true,Analysed inventory data with SQL to identify slow-moving stock | Ran time-and-motion studies on production lines | Tracked project savings and reported progress to the project manager,,,,,,,,,,,,,,,B.Sc. Business Administration,Alexandria University,2016,2020,Secondary school certificate,,,2015,,,,,Microsoft Project | Miro | PowerPoint storylining | Stakeholder management | Workstream leadership | Microsoft Visio | Excel modelling | Lean management | Alteryx | Process analysis and optimisation,Microsoft Certified: Power BI Data Analyst Associate,2020,,,,
cons_03,management_consultant,borderline,true,SAU,Riyadh,APP-6612,2024-06,18,29,edu1,"Riyadh, Saudi Arabia",Authorized to work in Saudi Arabia; no visa sponsorship required,Valid driving licence issued in Saudi Arabia,One month's notice,English (C1),"Business analyst with 1 year of consulting experience in process analysis, after earlier work as a customer service representative. Strong analytical skills in Excel and PowerPoint.",Built the Excel model used in a client cost-reduction business case,Completed the firm's analyst training programme with distinction,,Junior Consultant,Truecourse Advisory,Riyadh,12/2022,present,true,Tracked project savings and reported progress to the project manager | Wrote sections of proposals and prepared pitch documents | Carried out a supplier analysis that identified savings of 7% in indirect spend,Customer Service Representative,Brightcall Customer Care,Riyadh,12/2021,11/2022,false,Answered customer enquiries by telephone and e-mail | Recorded complaints and forwarded them to the responsible departments | Updated customer addresses in the CRM system,,,,,,,,,,,,,,,B.Sc. Economics,King Abdulaziz University,2017,2021,Secondary school certificate,,,2016,,,,,Process analysis and optimisation | Miro | Workstream leadership | Python (pandas) | PowerPoint storylining | Excel modelling | Tableau | Stakeholder management,,,,,,
cons_04,management_consultant,strong,true,JOR,Amman,APP-1168,2024-06,87,87,edu1 | edu2,"Amman, Jordan",Authorized to work in Jordan; no visa sponsorship required,Valid driving licence issued in Jordan,One month's notice,English (C1),"Consultant with 7 years of experience in operations, procurement and supply chain projects, leading teams and presenting to client boards. Experienced in proposal writing and in coaching junior consultants. Focused on measurable results.",Delivered a lean programme that raised output on a client's main production line by 20%,Promoted to project manager ahead of the usual timeline,Led a procurement programme that cut a client's indirect spend by 12%,Project Manager,Summitline Industrial Consulting,Amman,04/2022,present,true,Managed client relationships at board level and contributed to follow-on sales | Developed the firm's standard approach for procurement diagnostics | Developed business cases and Excel models for cost-reduction programmes | Mapped order-to-cash processes and identified bottlenecks with client teams | Conducted interviews and workshops with client staff to map current processes,Consultant,Pathwise Advisory,Irbid,12/2020,02/2022,true,Facilitated problem-solving workshops with plant supervisors | Prepared benchmarking studies of logistics costs for industrial clients | Prepared and presented steering committee materials for client management | Coordinated a workstream of three client employees in a procurement project,Operations Consultant,Lodestone Performance Partners,Amman,07/2018,09/2020,true,Analysed inventory data with SQL to identify slow-moving stock | Tracked project savings and reported progress to the project manager | Supported a lean transformation on the shop floor of an industrial manufacturer,Business Analyst,Leverpoint Operations Consulting,Zarqa,08/2016,05/2018,true,Built Power BI dashboards to track project KPIs | Designed and implemented a new spare-parts planning process at a client site | Ran time-and-motion studies on production lines,MBA,Yarmouk University,2014,2016,B.Sc. Economics,Yarmouk University,2010,2014,Secondary school certificate,,,2010,Supply chain analytics | Alteryx | Procurement analytics | Microsoft Project | SQL | PowerPoint storylining | Process analysis and optimisation | Lean management | Excel modelling | Workstream leadership | Stakeholder management | Miro,Lean Six Sigma Black Belt,2020,Microsoft Certified: Power BI Data Analyst Associate,2020,Lean Six Sigma Green Belt,2019
cons_05,management_consultant,adequate,true,EGY,Cairo,APP-6791,2024-06,51,51,edu1,"Cairo, Egypt",Authorized to work in Egypt; no visa sponsorship required,Valid driving licence issued in Egypt,One month's notice,English (C1),Consultant with 4 years of experience in process analysis and improvement projects for industrial clients. Strong in Excel modelling and in preparing management presentations.,Designed a spare-parts planning process that reduced stock-outs at a client site,Built a Power BI dashboard that the client adopted for weekly management meetings,,Business Consultant,Summitline Industrial Consulting,Cairo,06/2021,present,true,Prepared and presented steering committee materials for client management | Prepared benchmarking studies of logistics costs for industrial clients | Wrote sections of proposals and prepared pitch documents | Facilitated problem-solving workshops with plant supervisors,Junior Consultant,Farsight Operations Advisory,Alexandria,02/2020,05/2021,true,Prepared market and competitor analyses for client proposals | Coordinated a workstream of three client employees in a procurement project | Supported a lean transformation on the shop floor of an industrial manufacturer,,,,,,,,,,,,,,,B.Sc. Industrial Engineering,Cairo University,2015,2019,Secondary school certificate,,,2015,,,,,PowerPoint storylining | Workstream leadership | Tableau | Microsoft Project | Process analysis and optimisation | Python (pandas) | Alteryx | Power BI | Stakeholder management | Excel modelling,PRINCE2 Foundation,2021,,,,
cons_06,management_consultant,borderline,true,SAU,Riyadh,APP-9712,2024-06,20,27,edu1,"Riyadh, Saudi Arabia",Authorized to work in Saudi Arabia; no visa sponsorship required,Valid driving licence issued in Saudi Arabia,One month's notice,English (C1),"Junior consultant with 1 year of experience in operations projects, who previously worked as a marketing assistant. Eager to take on workstream responsibility.",Prepared steering committee slides that the project manager used unchanged,Collected and cleaned the data for a supplier analysis on a tight deadline,,Business Analyst,Brightlane Process Advisory,Riyadh,10/2022,present,true,Developed KPI frameworks for warehouse and transport operations | Conducted interviews and workshops with client staff to map current processes | Analysed inventory data with SQL to identify slow-moving stock,Marketing Assistant,Stonecrest Trading,Jeddah,02/2022,09/2022,false,Wrote texts for the website and the customer newsletter | Maintained the company's social media channels | Organised the company's stand at a regional trade fair,,,,,,,,,,,,,,,B.Sc. Business Administration,King Saud University,2018,2022,Secondary school certificate,,,2018,,,,,Microsoft Visio | Stakeholder management | Alteryx | Excel modelling | Workstream leadership | Microsoft Project | Process analysis and optimisation | PowerPoint storylining,,,,,,
cons_07,management_consultant,adequate,false,QAT,Doha,APP-4311,2024-06,56,56,edu1,"Doha, Qatar",Authorized to work in Qatar; no visa sponsorship required,Valid driving licence issued in Qatar,One month's notice,English (C1),Consultant with 4 years of experience in process analysis and improvement projects for industrial clients. Strong in Excel modelling and in preparing management presentations.,Co-authored a proposal that won a six-month operations project,Identified slow-moving stock worth about 10% of a client's inventory,,Consultant,Kingfisher Operations Group,Doha,12/2020,present,true,Conducted interviews and workshops with client staff to map current processes | Built Power BI dashboards to track project KPIs | Analysed production and logistics processes at medium-sized manufacturing clients | Prepared market and competitor analyses for client proposals,Business Analyst,Truecourse Advisory,Al Wakrah,08/2019,10/2020,true,Carried out a supplier analysis that identified savings of 7% in indirect spend | Mapped order-to-cash processes and identified bottlenecks with client teams | Developed business cases and Excel models for cost-reduction programmes,,,,,,,,,,,,,,,B.Sc. Economics,Qatar University,2015,2019,Secondary school certificate,,,2014,,,,,Procurement analytics | Process analysis and optimisation | Tableau | Stakeholder management | Workstream leadership | Python (pandas) | PowerPoint storylining | Excel modelling | Microsoft Visio | Miro,Professional Scrum Product Owner I (PSPO I),2019,,,,
cons_08,management_consultant,adequate,false,QAT,Doha,APP-2143,2024-06,56,56,edu1,"Doha, Qatar",Authorized to work in Qatar; no visa sponsorship required,Valid driving licence issued in Qatar,One month's notice,English (C1),Operations consultant with 4 years of experience in analysing processes and preparing management presentations for industrial clients. Works closely with client teams on implementation.,Designed a spare-parts planning process that reduced stock-outs at a client site,Built a Power BI dashboard that the client adopted for weekly management meetings,,Operations Consultant,Tempo Process Consulting,Doha,10/2020,present,true,Mapped order-to-cash processes and identified bottlenecks with client teams | Developed business cases and Excel models for cost-reduction programmes | Developed KPI frameworks for warehouse and transport operations | Wrote sections of proposals and prepared pitch documents,Junior Consultant,Bridgeworth Consulting,Al Wakrah,07/2019,07/2020,true,Designed and implemented a new spare-parts planning process at a client site | Ran time-and-motion studies on production lines | Analysed inventory data with SQL to identify slow-moving stock,,,,,,,,,,,,,,,B.Sc. Industrial Engineering,Qatar University,2015,2019,Secondary school certificate,,,2014,,,,,Change management | Alteryx | Workstream leadership | Excel modelling | Tableau | PowerPoint storylining | Miro | Process analysis and optimisation | Supply chain analytics | Stakeholder management,Lean Six Sigma Black Belt,2024,,,,
admin_01,administrative_assistant,strong,true,BHR,Manama,APP-8549,2024-06,62,62,edu1,"Manama, Bahrain",Authorized to work in Bahrain; no visa sponsorship required,Valid driving licence issued in Bahrain,One month's notice,English (C1),"Executive assistant with 5 years of experience in organising offices, events and management schedules. Supervises junior office staff and manages service providers. Highly organised and reliable.",Planned the annual company conference for 150 participants within budget,Reduced office supply costs by about 15% by consolidating suppliers,Set up an onboarding checklist that is used for all new office staff,Executive Assistant,Larkspur Insurance Brokers,Manama,06/2022,present,true,"Supported the managing director as personal assistant | Prepared board meeting packs and took the minutes | Acted as first point of contact for internal and external enquiries | Prepared documents for management meetings and sent out invitations | Organised internal meetings and events, including catering and room booking",Team Assistant,Stonecrest Trading,Riffa,04/2021,04/2022,true,"Managed calendars, appointments and travel arrangements for a team of eight | Maintained the document management system and filing structure | Coordinated appointments with customers and external service providers | Prepared business correspondence, presentations and meeting minutes",Administrative Assistant,Fairholm Tax Advisory,Muharraq,01/2020,01/2021,true,Tracked contract deadlines and sent reminders to the responsible managers | Prepared expense reports for the managers in the team | Handled incoming and outgoing mail and the central e-mail inbox,Office Clerk,Hollybrook Packaging,Muharraq,09/2018,11/2019,true,Ordered office supplies and managed service providers | Updated the staff phone list and organisation charts | Recorded and pre-checked incoming invoices,Advanced Diploma in Office Management,Bahrain Polytechnic,2015,2018,Secondary school certificate,,,2014,,,,,Zoom | MS Outlook | MS PowerPoint | MS Excel | Appointment and travel management | Document management systems | Business correspondence | Event organisation | SAP (basic user) | Minute-taking | MS Word | Office organisation,Project management fundamentals course,2023,Executive assistant skills course,2022,"Microsoft Office Specialist, Excel Associate",2021
admin_02,administrative_assistant,adequate,true,JOR,Amman,APP-6562,2024-06,30,30,edu1,"Amman, Jordan",Authorized to work in Jordan; no visa sponsorship required,Valid driving licence issued in Jordan,One month's notice,English (C1),"Team assistant with 2 years of experience in office administration, document management and invoice pre-checking. Friendly first point of contact for colleagues and visitors.",Cleared a backlog of about 500 unfiled documents within one month,Cut the time needed to process incoming invoices with a shared tracking sheet,,Office Assistant,Silverthread IT Services,Amman,06/2023,present,true,"Prepared monthly reports in Excel for the department head | Scanned and archived documents according to the retention rules | Tracked contract deadlines and sent reminders to the responsible managers | Managed calendars, appointments and travel arrangements for a team of eight",Junior Office Assistant,Parkline Facility Services,Zarqa,11/2021,05/2023,true,Booked flights and hotels within the company travel policy | Maintained contact data and contracts in the ERP system | Welcomed visitors and managed the reception area,,,,,,,,,,,,,,,Diploma in Office Administration,Al-Balqa Applied University,2019,2021,Secondary school certificate,,,2018,,,,,MS Outlook | MS Word | Appointment and travel management | MS Excel | Touch typing | Minute-taking | Office organisation | Invoice processing | Business correspondence | SharePoint,Business writing course,2022,,,,
admin_03,administrative_assistant,borderline,true,KWT,Kuwait City,APP-5687,2024-06,6,16,edu1,"Kuwait City, Kuwait",Authorized to work in Kuwait; no visa sponsorship required,Valid driving licence issued in Kuwait,One month's notice,English (C1),"Junior office assistant with 6 months of experience in office organisation, who previously worked as a retail sales associate. Reliable and quick to learn new office systems.",Kept the office supply stock complete without shortages,Prepared meeting minutes that were circulated without corrections,,Office Clerk,Ashlynn Legal Services,Kuwait City,12/2023,present,true,"Organised internal meetings and events, including catering and room booking | Scanned and archived documents according to the retention rules | Maintained contact data and contracts in the ERP system",Retail Sales Associate,Maplecourt Department Store,Kuwait City,12/2022,10/2023,false,Advised customers on the shop floor | Replenished shelves and arranged displays | Processed payments at the checkout,,,,,,,,,,,,,,,Diploma in Business Administration,Public Authority for Applied Education and Training,2020,2022,Secondary school certificate,,,2019,,,,,Microsoft Teams | MS Word | Business correspondence | Google Workspace | Appointment and travel management | Office organisation | MS Outlook | MS Excel,,,,,,
admin_04,administrative_assistant,strong,true,BHR,Manama,APP-5111,2024-06,101,101,edu1,"Manama, Bahrain",Authorized to work in Bahrain; no visa sponsorship required,Valid driving licence issued in Bahrain,One month's notice,English (C1),"Administrative professional with 8 years of experience in office management and team assistance, including support for senior management. Organises events, office moves and complex schedules. Discreet with confidential information.",Introduced a digital filing system that cut document search times by about half,Recognised by the managing director for running a complex board meeting schedule,Organised the move of a 60-person office without interrupting daily operations,Office Manager,Silverbirch Pharmaceuticals,Manama,12/2021,present,true,Managed the office budget and negotiated with service providers | Introduced a digital filing structure and trained colleagues | Updated the staff phone list and organisation charts | Maintained the document management system and filing structure | Ordered office supplies and managed service providers,Team Assistant,Oakhurst Real Estate,Manama,09/2019,11/2021,true,"Prepared expense reports for the managers in the team | Prepared documents for management meetings and sent out invitations | Prepared business correspondence, presentations and meeting minutes | Handled incoming and outgoing mail and the central e-mail inbox",Office Assistant,Brightwater Medical Devices,Manama,10/2016,06/2019,true,Maintained contact data and contracts in the ERP system | Scanned and archived documents according to the retention rules | Recorded and pre-checked incoming invoices,Junior Office Assistant,Westmere Energy Services,Riffa,06/2015,07/2016,true,Welcomed visitors and managed the reception area | Booked flights and hotels within the company travel policy | Prepared monthly reports in Excel for the department head,Advanced Diploma in Office Management,Bahrain Polytechnic,2012,2015,Secondary school certificate,,,2011,,,,,Business correspondence | Appointment and travel management | MS Word | MS PowerPoint | Adobe Acrobat | MS Excel | Event organisation | Invoice processing | Document management systems | SAP (basic user) | Office organisation | MS Outlook,"Microsoft Office Specialist, Word Associate",2022,"Microsoft Office Specialist, Excel Associate",2020,Business writing course,2015
admin_05,administrative_assistant,adequate,true,JOR,Amman,APP-6551,2024-06,39,39,edu1,"Amman, Jordan",Authorized to work in Jordan; no visa sponsorship required,Valid driving licence issued in Jordan,One month's notice,English (C1),"Administrative assistant with 3 years of experience in office organisation, correspondence and appointment management. Structured and discreet in handling confidential documents.",Organised a team event for 40 colleagues,Received positive feedback from managers for reliable minute-taking,,Administrative Assistant,Silverbirch Pharmaceuticals,Amman,05/2022,present,true,"Ordered office supplies and managed service providers | Recorded and pre-checked incoming invoices | Handled incoming and outgoing mail and the central e-mail inbox | Prepared business correspondence, presentations and meeting minutes",Office Clerk,Ironbridge Engineering,Zarqa,01/2021,03/2022,true,Acted as first point of contact for internal and external enquiries | Coordinated appointments with customers and external service providers | Updated the staff phone list and organisation charts,,,,,,,,,,,,,,,Diploma in Business Administration,Al-Balqa Applied University,2018,2020,Secondary school certificate,,,2017,,,,,MS Word | Business correspondence | MS Outlook | Microsoft Teams | MS Excel | Zoom | Office organisation | Document management systems | Appointment and travel management | MS PowerPoint,Project management fundamentals course,2022,,,,
admin_06,administrative_assistant,borderline,true,KWT,Kuwait City,APP-6034,2024-06,11,20,edu1,"Kuwait City, Kuwait",Authorized to work in Kuwait; no visa sponsorship required,Valid driving licence issued in Kuwait,One month's notice,English (C1),"Office clerk with 11 months of office administration experience, after earlier work as a warehouse assistant. Organised and keen to grow into a team assistant role.",Received positive feedback from visitors for a friendly reception,Learned the document management system and took over filing within the first month,,Junior Office Assistant,Ironbridge Engineering,Kuwait City,07/2023,present,true,"Tracked contract deadlines and sent reminders to the responsible managers | Managed calendars, appointments and travel arrangements for a team of eight | Prepared expense reports for the managers in the team",Warehouse Assistant,Parcelbridge Logistics,Hawalli,08/2022,05/2023,false,Unloaded trucks and sorted incoming parcels | Wrapped pallets for outgoing deliveries | Picked orders for delivery to shops,,,,,,,,,,,,,,,Diploma in Office Administration,Public Authority for Applied Education and Training,2020,2022,Secondary school certificate,,,2019,,,,,Touch typing | Office organisation | Appointment and travel management | MS Excel | Business correspondence | SharePoint | MS Outlook | MS Word,,,,,,
admin_07,administrative_assistant,adequate,false,OMN,Muscat,APP-1891,2024-06,30,30,edu1,"Muscat, Oman",Authorized to work in Oman; no visa sponsorship required,Valid driving licence issued in Oman,One month's notice,English (C1),"Administrative assistant with 2 years of experience in office organisation, correspondence and appointment management. Structured and discreet in handling confidential documents.",Took over travel management for the whole department,Set up a meeting-room booking calendar used by the whole office,,Team Assistant,Stonecrest Trading,Muscat,03/2023,present,true,Prepared expense reports for the managers in the team | Acted as first point of contact for internal and external enquiries | Booked flights and hotels within the company travel policy | Welcomed visitors and managed the reception area,Junior Office Assistant,Ashlynn Legal Services,Muscat,11/2021,02/2023,true,"Prepared documents for management meetings and sent out invitations | Maintained the document management system and filing structure | Organised internal meetings and events, including catering and room booking",,,,,,,,,,,,,,,Diploma in Business Administration,Muscat College,2019,2021,Secondary school certificate,,,2018,,,,,Event organisation | Appointment and travel management | Business correspondence | Adobe Acrobat | Google Workspace | MS Word | MS Outlook | Office organisation | MS Excel | Touch typing,"Microsoft Office Specialist, Word Associate",2022,,,,
admin_08,administrative_assistant,adequate,false,OMN,Muscat,APP-7099,2024-06,42,42,edu1,"Muscat, Oman",Authorized to work in Oman; no visa sponsorship required,Valid driving licence issued in Oman,One month's notice,English (C1),"Team assistant with 3 years of experience in office administration, document management and invoice pre-checking. Friendly first point of contact for colleagues and visitors.",Cut the time needed to process incoming invoices with a shared tracking sheet,Organised a team event for 40 colleagues,,Office Assistant,Larkspur Insurance Brokers,Muscat,08/2022,present,true,"Recorded and pre-checked incoming invoices | Managed calendars, appointments and travel arrangements for a team of eight | Organised internal meetings and events, including catering and room booking | Ordered office supplies and managed service providers",Office Clerk,Westmere Energy Services,Sohar,11/2020,07/2022,true,Prepared monthly reports in Excel for the department head | Coordinated appointments with customers and external service providers | Tracked contract deadlines and sent reminders to the responsible managers,,,,,,,,,,,,,,,Diploma in Office Administration,Modern College of Business and Science,2018,2020,Secondary school certificate,,,2017,,,,,Google Workspace | SAP (basic user) | MS Word | MS Outlook | Office organisation | Business correspondence | Appointment and travel management | Microsoft Teams | Adobe Acrobat | MS Excel,Executive assistant skills course,2023,,,,
