code,gdp_pc_ppp_const,gdp_year,gdp_flag,income_group,wb_region,wb_sub_saharan,source,retrieval_date
DZA,14782.20,2022,reference_year,Upper middle income,"Middle East, North Africa, Afghanistan & Pakistan",0,"World Bank WDI API, indicator NY.GDP.PCAP.PP.KD; income group and region from World Bank country API",2026-09-30
BHR,57573.00,2022,reference_year,High income,"Middle East, North Africa, Afghanistan & Pakistan",0,"World Bank WDI API, indicator NY.GDP.PCAP.PP.KD; income group and region from World Bank country API",2026-09-30
COM,3465.84,2022,reference_year,Lower middle income,Sub-Saharan Africa,1,"World Bank WDI API, indicator NY.GDP.PCAP.PP.KD; income group and region from World Bank country API",2026-09-30
DJI,6180.68,2022,reference_year,Lower middle income,"Middle East, North Africa, Afghanistan & Pakistan",0,"World Bank WDI API, indicator NY.GDP.PCAP.PP.KD; income group and region from World Bank country API",2026-09-30
EGY,16360.39,2022,reference_year,Lower middle income,"Middle East, North Africa, Afghanistan & Pakistan",0,"World Bank WDI API, indicator NY.GDP.PCAP.PP.KD; income group and region from World Bank country API",2026-09-30
IRQ,13433.40,2022,reference_year,Upper middle income,"Middle East, North Africa, Afghanistan & Pakistan",0,"World Bank WDI API, indicator NY.GDP.PCAP.PP.KD; income group and region from World Bank country API",2026-09-30
JOR,10158.47,2022,reference_year,Upper middle income,"Middle East, North Africa, Afghanistan & Pakistan",0,"World Bank WDI API, indicator NY.GDP.PCAP.PP.KD; income group and region from World Bank country API",2026-09-30
KWT,51379.88,2022,reference_year,High income,"Middle East, North Africa, Afghanistan & Pakistan",0,"World Bank WDI API, indicator NY.GDP.PCAP.PP.KD; income group and region from World Bank country API",2026-09-30
LBN,11474.75,2022,reference_year,Lower middle income,"Middle East, North Africa, Afghanistan & Pakistan",0,"World Bank WDI API, indicator NY.GDP.PCAP.PP.KD; income group and region from World Bank country API",2026-09-30
LBY,11450.06,2022,reference_year,Upper middle income,"Middle East, North Africa, Afghanistan & Pakistan",0,"World Bank WDI API, indicator NY.GDP.PCAP.PP.KD; income group and region from World Bank country API",2026-09-30
MRT,6053.26,2022,reference_year,Lower middle income,Sub-Saharan Africa,1,"World Bank WDI API, indicator NY.GDP.PCAP.PP.KD; income group and region from World Bank country API",2026-09-30
MAR,8690.45,2022,reference_year,Lower middle income,"Middle East, North Africa, Afghanistan & Pakistan",0,"World Bank WDI API, indicator NY.GDP.PCAP.PP.KD; income group and region from World Bank country API",2026-09-30
OMN,39780.21,2022,reference_year,High income,"Middle East, North Africa, Afghanistan & Pakistan",0,"World Bank WDI API, indicator NY.GDP.PCAP.PP.KD; income group and region from World Bank country API",2026-09-30
PSE,5753.08,2022,reference_year,Lower middle income,"Middle East, North Africa, Afghanistan & Pakistan",0,"World Bank WDI API, indicator NY.GDP.PCAP.PP.KD; income group and region from World Bank country API",2026-09-30
QAT,114740.12,2022,reference_year,High income,"Middle East, North Africa, Afghanistan & Pakistan",0,"World Bank WDI API, indicator NY.GDP.PCAP.PP.KD; income group and region from World Bank country API",2026-09-30
SAU,67178.59,2022,reference_year,High income,"Middle East, North Africa, Afghanistan & Pakistan",0,"World Bank WDI API, indicator NY.GDP.PCAP.PP.KD; income group and region from World Bank country API",2026-09-30
SOM,1387.55,2022,reference_year,Low income,Sub-Saharan Africa,1,"World Bank WDI API, indicator NY.GDP.PCAP.PP.KD; income group and region from World Bank country API",2026-09-30
SDN,3132.08,2022,reference_year,Low income,Sub-Saharan Africa,1,"World Bank WDI API, indicator NY.GDP.PCAP.PP.KD; income group and region from World Bank country API",2026-09-30
SYR,4579.44,2022,reference_year,Low income,"Middle East, North Africa, Afghanistan & Pakistan",0,"World Bank WDI API, indicator NY.GDP.PCAP.PP.KD; income group and region from World Bank country API",2026-09-30
TUN,12712.22,2022,reference_year,Lower middle income,"Middle East, North Africa, Afghanistan & Pakistan",0,"World Bank WDI API, indicator NY.GDP.PCAP.PP.KD; income group and region from World Bank country API",2026-09-30
ARE,70075.64,2022,reference_year,High income,"Middle East, North Africa, Afghanistan & Pakistan",0,"World Bank WDI API, indicator NY.GDP.PCAP.PP.KD; income group and region from World Bank country API",2026-09-30
YEM,,,excluded,Low income,"Middle East, North Africa, Afghanistan & Pakistan",0,"World Bank WDI API, indicator NY.GDP.PCAP.PP.KD; income group and region from World Bank country API",2026-09-30
DEU,63777.93,2022,reference_year,High income,Europe & Central Asia,0,"World Bank WDI API, indicator NY.GDP.PCAP.PP.KD; income group and region from World Bank country API",2026-09-30
POL,43405.02,2022,reference_year,High income,Europe & Central Asia,0,"World Bank WDI API, indicator NY.GDP.PCAP.PP.KD; income group and region from World Bank country API",2026-09-30
TUR,33520.81,2022,reference_year,Upper middle income,Europe & Central Asia,0,"World Bank WDI API, indicator NY.GDP.PCAP.PP.KD; income group and region from World Bank country API",2026-09-30
URY,30840.07,2022,reference_year,High income,Latin America & Caribbean,0,"World Bank WDI API, indicator NY.GDP.PCAP.PP.KD; income group and region from World Bank country API",2026-09-30
BOL,11487.71,2022,reference_year,Lower middle income,Latin America & Caribbean,0,"World Bank WDI API, indicator NY.GDP.PCAP.PP.KD; income group and region from World Bank country API",2026-09-30
SYC,27275.69,2022,reference_year,High income,Sub-Saharan Africa,1,"World Bank WDI API, indicator NY.GDP.PCAP.PP.KD; income group and region from World Bank country API",2026-09-30
MWI,1659.96,2022,reference_year,Low income,Sub-Saharan Africa,1,"World Bank WDI API, indicator NY.GDP.PCAP.PP.KD; income group and region from World Bank country API",2026-09-30
MDV,21357.81,2022,reference_year,Upper middle income,South Asia,0,"World Bank WDI API, indicator NY.GDP.PCAP.PP.KD; income group and region from World Bank country API",2026-09-30
NPL,4763.39,2022,reference_year,Lower middle income,South Asia,0,"World Bank WDI API, indicator NY.GDP.PCAP.PP.KD; income group and region from World Bank country API",2026-09-30
MYS,32129.22,2022,reference_year,Upper middle income,East Asia & Pacific,0,"World Bank WDI API, indicator NY.GDP.PCAP.PP.KD; income group and region from World Bank country API",2026-09-30
KHM,6458.37,2022,reference_year,Lower middle income,East Asia & Pacific,0,"World Bank WDI API, indicator NY.GDP.PCAP.PP.KD; income group and region from World Bank country API",2026-09-30
