term,category,scope,match_type,allowed_on_cv_line,note
ä,german_characters,all,character,,"German umlauts, sharp s and the euro sign: forbidden anywhere"
ö,german_characters,all,character,,"German umlauts, sharp s and the euro sign: forbidden anywhere"
ü,german_characters,all,character,,"German umlauts, sharp s and the euro sign: forbidden anywhere"
Ä,german_characters,all,character,,"German umlauts, sharp s and the euro sign: forbidden anywhere"
Ö,german_characters,all,character,,"German umlauts, sharp s and the euro sign: forbidden anywhere"
Ü,german_characters,all,character,,"German umlauts, sharp s and the euro sign: forbidden anywhere"
ß,german_characters,all,character,,"German umlauts, sharp s and the euro sign: forbidden anywhere"
€,german_characters,all,character,,"German umlauts, sharp s and the euro sign: forbidden anywhere"
Algiers,cities,all,word,,capital or major city of an Arab League state
Oran,cities,all,word,,capital or major city of an Arab League state
Constantine,cities,all,word,,capital or major city of an Arab League state
Manama,cities,all,word,,capital or major city of an Arab League state
Muharraq,cities,all,word,,capital or major city of an Arab League state
Riffa,cities,all,word,,capital or major city of an Arab League state
Moroni,cities,all,word,,capital or major city of an Arab League state
Cairo,cities,all,word,,capital or major city of an Arab League state
Alexandria,cities,all,word,,capital or major city of an Arab League state
Giza,cities,all,word,,capital or major city of an Arab League state
Mansoura,cities,all,word,,capital or major city of an Arab League state
Baghdad,cities,all,word,,capital or major city of an Arab League state
Basra,cities,all,word,,capital or major city of an Arab League state
Mosul,cities,all,word,,capital or major city of an Arab League state
Erbil,cities,all,word,,capital or major city of an Arab League state
Amman,cities,all,word,,capital or major city of an Arab League state
Zarqa,cities,all,word,,capital or major city of an Arab League state
Irbid,cities,all,word,,capital or major city of an Arab League state
Aqaba,cities,all,word,,capital or major city of an Arab League state
Kuwait City,cities,all,word,,capital or major city of an Arab League state
Hawalli,cities,all,word,,capital or major city of an Arab League state
Al Ahmadi,cities,all,word,,capital or major city of an Arab League state
Beirut,cities,all,word,,capital or major city of an Arab League state
Tripoli,cities,all,word,,capital or major city of an Arab League state
Benghazi,cities,all,word,,capital or major city of an Arab League state
Misrata,cities,all,word,,capital or major city of an Arab League state
Nouakchott,cities,all,word,,capital or major city of an Arab League state
Rabat,cities,all,word,,capital or major city of an Arab League state
Casablanca,cities,all,word,,capital or major city of an Arab League state
Marrakesh,cities,all,word,,capital or major city of an Arab League state
Marrakech,cities,all,word,,capital or major city of an Arab League state
Fez,cities,all,word,,capital or major city of an Arab League state
Tangier,cities,all,word,,capital or major city of an Arab League state
Muscat,cities,all,word,,capital or major city of an Arab League state
Salalah,cities,all,word,,capital or major city of an Arab League state
Sohar,cities,all,word,,capital or major city of an Arab League state
Nizwa,cities,all,word,,capital or major city of an Arab League state
Ramallah,cities,all,word,,capital or major city of an Arab League state
Gaza,cities,all,word,,capital or major city of an Arab League state
Jerusalem,cities,all,word,,capital or major city of an Arab League state
Hebron,cities,all,word,,capital or major city of an Arab League state
Nablus,cities,all,word,,capital or major city of an Arab League state
Doha,cities,all,word,,capital or major city of an Arab League state
Al Rayyan,cities,all,word,,capital or major city of an Arab League state
Al Wakrah,cities,all,word,,capital or major city of an Arab League state
Lusail,cities,all,word,,capital or major city of an Arab League state
Riyadh,cities,all,word,,capital or major city of an Arab League state
Jeddah,cities,all,word,,capital or major city of an Arab League state
Mecca,cities,all,word,,capital or major city of an Arab League state
Medina,cities,all,word,,capital or major city of an Arab League state
Dammam,cities,all,word,,capital or major city of an Arab League state
Dhahran,cities,all,word,,capital or major city of an Arab League state
Khobar,cities,all,word,,capital or major city of an Arab League state
Mogadishu,cities,all,word,,capital or major city of an Arab League state
Hargeisa,cities,all,word,,capital or major city of an Arab League state
Khartoum,cities,all,word,,capital or major city of an Arab League state
Omdurman,cities,all,word,,capital or major city of an Arab League state
Port Sudan,cities,all,word,,capital or major city of an Arab League state
Damascus,cities,all,word,,capital or major city of an Arab League state
Aleppo,cities,all,word,,capital or major city of an Arab League state
Homs,cities,all,word,,capital or major city of an Arab League state
Latakia,cities,all,word,,capital or major city of an Arab League state
Tunis,cities,all,word,,capital or major city of an Arab League state
Sfax,cities,all,word,,capital or major city of an Arab League state
Sousse,cities,all,word,,capital or major city of an Arab League state
Abu Dhabi,cities,all,word,,capital or major city of an Arab League state
Dubai,cities,all,word,,capital or major city of an Arab League state
Sharjah,cities,all,word,,capital or major city of an Arab League state
Ajman,cities,all,word,,capital or major city of an Arab League state
Al Ain,cities,all,word,,capital or major city of an Arab League state
Sanaa,cities,all,word,,capital or major city of an Arab League state
Sana'a,cities,all,word,,capital or major city of an Arab League state
Aden,cities,all,word,,capital or major city of an Arab League state
Taiz,cities,all,word,,capital or major city of an Arab League state
Warsaw,cities,all,word,,"capital or major city of a benchmark state (POL, TUR)"
Kraków,cities,all,word,,"capital or major city of a benchmark state (POL, TUR)"
Krakow,cities,all,word,,"capital or major city of a benchmark state (POL, TUR)"
Łódź,cities,all,word,,"capital or major city of a benchmark state (POL, TUR)"
Lodz,cities,all,word,,"capital or major city of a benchmark state (POL, TUR)"
Wrocław,cities,all,word,,"capital or major city of a benchmark state (POL, TUR)"
Wroclaw,cities,all,word,,"capital or major city of a benchmark state (POL, TUR)"
Gdańsk,cities,all,word,,"capital or major city of a benchmark state (POL, TUR)"
Gdansk,cities,all,word,,"capital or major city of a benchmark state (POL, TUR)"
Poznań,cities,all,word,,"capital or major city of a benchmark state (POL, TUR)"
Poznan,cities,all,word,,"capital or major city of a benchmark state (POL, TUR)"
Ankara,cities,all,word,,"capital or major city of a benchmark state (POL, TUR)"
Istanbul,cities,all,word,,"capital or major city of a benchmark state (POL, TUR)"
İstanbul,cities,all,word,,"capital or major city of a benchmark state (POL, TUR)"
Izmir,cities,all,word,,"capital or major city of a benchmark state (POL, TUR)"
İzmir,cities,all,word,,"capital or major city of a benchmark state (POL, TUR)"
Bursa,cities,all,word,,"capital or major city of a benchmark state (POL, TUR)"
Antalya,cities,all,word,,"capital or major city of a benchmark state (POL, TUR)"
Montevideo,cities,all,word,,capital or major city of a placebo nationality
La Paz,cities,all,word,,capital or major city of a placebo nationality
Sucre,cities,all,word,,capital or major city of a placebo nationality
Santa Cruz,cities,all,word,,capital or major city of a placebo nationality
Victoria,cities,all,word,,capital or major city of a placebo nationality
Lilongwe,cities,all,word,,capital or major city of a placebo nationality
Blantyre,cities,all,word,,capital or major city of a placebo nationality
Malé,cities,all,word,,capital or major city of a placebo nationality
Kathmandu,cities,all,word,,capital or major city of a placebo nationality
Pokhara,cities,all,word,,capital or major city of a placebo nationality
Kuala Lumpur,cities,all,word,,capital or major city of a placebo nationality
Johor Bahru,cities,all,word,,capital or major city of a placebo nationality
Penang,cities,all,word,,capital or major city of a placebo nationality
Phnom Penh,cities,all,word,,capital or major city of a placebo nationality
Siem Reap,cities,all,word,,capital or major city of a placebo nationality
Mannheim,german,all,word,,German cities and regions
Heidelberg,german,all,word,,German cities and regions
Ludwigshafen,german,all,word,,German cities and regions
Ludwigshafen am Rhein,german,all,word,,German cities and regions
Weinheim,german,all,word,,German cities and regions
Schwetzingen,german,all,word,,German cities and regions
Walldorf,german,all,word,,German cities and regions
Wiesloch,german,all,word,,German cities and regions
Speyer,german,all,word,,German cities and regions
Worms,german,all,word,,German cities and regions
Frankenthal,german,all,word,,German cities and regions
Neustadt,german,all,word,,German cities and regions
Neustadt an der Weinstraße,german,all,word,,German cities and regions
Viernheim,german,all,word,,German cities and regions
Hockenheim,german,all,word,,German cities and regions
Sinsheim,german,all,word,,German cities and regions
Bensheim,german,all,word,,German cities and regions
Karlsruhe,german,all,word,,German cities and regions
Stuttgart,german,all,word,,German cities and regions
Frankfurt,german,all,word,,German cities and regions
Darmstadt,german,all,word,,German cities and regions
Mainz,german,all,word,,German cities and regions
Berlin,german,all,word,,German cities and regions
Hamburg,german,all,word,,German cities and regions
Munich,german,all,word,,German cities and regions
München,german,all,word,,German cities and regions
Cologne,german,all,word,,German cities and regions
Köln,german,all,word,,German cities and regions
Düsseldorf,german,all,word,,German cities and regions
Dusseldorf,german,all,word,,German cities and regions
Leipzig,german,all,word,,German cities and regions
Dresden,german,all,word,,German cities and regions
Hanover,german,all,word,,German cities and regions
Hannover,german,all,word,,German cities and regions
Nuremberg,german,all,word,,German cities and regions
Nürnberg,german,all,word,,German cities and regions
Bremen,german,all,word,,German cities and regions
Dortmund,german,all,word,,German cities and regions
Bonn,german,all,word,,German cities and regions
Rhine,german,all,word,,German cities and regions
Rhein,german,all,word,,German cities and regions
Neckar,german,all,word,,German cities and regions
Rhine-Neckar,german,all,word,,German cities and regions
Rhein-Neckar,german,all,word,,German cities and regions
Rhineland,german,all,word,,German cities and regions
Palatinate,german,all,word,,German cities and regions
Pfalz,german,all,word,,German cities and regions
Baden,german,all,word,,German cities and regions
Württemberg,german,all,word,,German cities and regions
Wuerttemberg,german,all,word,,German cities and regions
Bavaria,german,all,word,,German cities and regions
Bayern,german,all,word,,German cities and regions
Hesse,german,all,word,,German cities and regions
Hessen,german,all,word,,German cities and regions
Saxony,german,all,word,,German cities and regions
Deutschland,german,all,word,,German cities and regions
Deutsch,german,all,word,,German cities and regions
Deutsche,german,all,word,,German cities and regions
IHK,german,all,word,,German education and credentials
HWK,german,all,word,,German education and credentials
DHBW,german,all,word,,German education and credentials
Abitur,german,all,word,,German education and credentials
Mittlere Reife,german,all,word,,German education and credentials
Realschule,german,all,word,,German education and credentials
Hauptschule,german,all,word,,German education and credentials
Gymnasium,german,all,word,,German education and credentials
Ausbildung,german,all,word,,German education and credentials
Berufsschule,german,all,word,,German education and credentials
Fachhochschule,german,all,word,,German education and credentials
Hochschule,german,all,word,,German education and credentials
Universität,german,all,word,,German education and credentials
Diplom,german,all,word,,German education and credentials
Staatsexamen,german,all,word,,German education and credentials
Meister,german,all,word,,German education and credentials
Kaufmann,german,all,word,,German education and credentials
Kauffrau,german,all,word,,German education and credentials
Fachwirt,german,all,word,,German education and credentials
Bilanzbuchhalter,german,all,word,,German education and credentials
Steuerberater,german,all,word,,German education and credentials
Werkstudent,german,all,word,,German education and credentials
Praktikum,german,all,word,,German education and credentials
Azubi,german,all,word,,German education and credentials
GmbH,german,all,word,,German legal forms and registers
AG,german,all,word,,German legal forms and registers
mbH,german,all,word,,German legal forms and registers
KG,german,all,word,,German legal forms and registers
OHG,german,all,word,,German legal forms and registers
GbR,german,all,word,,German legal forms and registers
e.V.,german,all,word,,German legal forms and registers
Handelsregister,german,all,word,,German legal forms and registers
HGB,german,all,word,,"German standards, software, authorities, currency"
DATEV,german,all,word,,"German standards, software, authorities, currency"
DIN,german,all,word,,"German standards, software, authorities, currency"
ELSTER,german,all,word,,"German standards, software, authorities, currency"
Finanzamt,german,all,word,,"German standards, software, authorities, currency"
Bundesagentur,german,all,word,,"German standards, software, authorities, currency"
Arbeitsamt,german,all,word,,"German standards, software, authorities, currency"
SCHUFA,german,all,word,,"German standards, software, authorities, currency"
EUR,german,all,word,,"German standards, software, authorities, currency"
EU,regions,all,word,,region names
European Union,regions,all,word,,region names
Schengen,regions,all,word,,region names
Blue Card,regions,all,word,,region names
Africa,regions,all,word,,region names
African,regions,all,word,,region names
Asia,regions,all,word,,region names
Asian,regions,all,word,,region names
Latin America,regions,all,word,,region names
Caribbean,regions,all,word,,region names
Balkans,regions,all,word,,region names
Middle East,regions,all,word,,region names
Middle Eastern,regions,all,word,,region names
North Africa,regions,all,word,,region names
North African,regions,all,word,,region names
MENA,regions,all,word,,region names
GCC,regions,all,word,,region names
Maghreb,regions,all,word,,region names
Levant,regions,all,word,,region names
Gulf,regions,all,word,,region names
Arabic,languages,all,word,,languages other than English (German is forbidden as a demonym anyway)
French,languages,all,word,,languages other than English (German is forbidden as a demonym anyway)
Kurdish,languages,all,word,,languages other than English (German is forbidden as a demonym anyway)
Berber,languages,all,word,,languages other than English (German is forbidden as a demonym anyway)
Amazigh,languages,all,word,,languages other than English (German is forbidden as a demonym anyway)
Persian,languages,all,word,,languages other than English (German is forbidden as a demonym anyway)
Farsi,languages,all,word,,languages other than English (German is forbidden as a demonym anyway)
Urdu,languages,all,word,,languages other than English (German is forbidden as a demonym anyway)
Spanish,languages,all,word,,languages other than English (German is forbidden as a demonym anyway)
Portuguese,languages,all,word,,languages other than English (German is forbidden as a demonym anyway)
Italian,languages,all,word,,languages other than English (German is forbidden as a demonym anyway)
Russian,languages,all,word,,languages other than English (German is forbidden as a demonym anyway)
Hebrew,languages,all,word,,languages other than English (German is forbidden as a demonym anyway)
Swahili,languages,all,word,,languages other than English (German is forbidden as a demonym anyway)
Malay,languages,all,word,,languages other than English (German is forbidden as a demonym anyway)
Nepali,languages,all,word,,languages other than English (German is forbidden as a demonym anyway)
Khmer,languages,all,word,,languages other than English (German is forbidden as a demonym anyway)
Tigrinya,languages,all,word,,languages other than English (German is forbidden as a demonym anyway)
Amharic,languages,all,word,,languages other than English (German is forbidden as a demonym anyway)
Dutch,languages,all,word,,languages other than English (German is forbidden as a demonym anyway)
Chinese,languages,all,word,,languages other than English (German is forbidden as a demonym anyway)
Mandarin,languages,all,word,,languages other than English (German is forbidden as a demonym anyway)
Hindi,languages,all,word,,languages other than English (German is forbidden as a demonym anyway)
Ukrainian,languages,all,word,,languages other than English (German is forbidden as a demonym anyway)
Emirates,country_forms,all,word,,other form of a country name (every country name and demonym in stimuli/nationalities.csv is forbidden too)
UAE,country_forms,all,word,,other form of a country name (every country name and demonym in stimuli/nationalities.csv is forbidden too)
Turkey,country_forms,all,word,,other form of a country name (every country name and demonym in stimuli/nationalities.csv is forbidden too)
Türkiye,country_forms,all,word,,other form of a country name (every country name and demonym in stimuli/nationalities.csv is forbidden too)
Palestine,country_forms,all,word,,other form of a country name (every country name and demonym in stimuli/nationalities.csv is forbidden too)
Syria,country_forms,all,word,,other form of a country name (every country name and demonym in stimuli/nationalities.csv is forbidden too)
Deutschland,country_forms,all,word,,other form of a country name (every country name and demonym in stimuli/nationalities.csv is forbidden too)
Polska,country_forms,all,word,,other form of a country name (every country name and demonym in stimuli/nationalities.csv is forbidden too)
euro,german_currency,all,word_ignore_case,,
euros,german_currency,all,word_ignore_case,,
citizen,citizenship,all,word_ignore_case,,citizenship and residence vocabulary
citizens,citizenship,all,word_ignore_case,,citizenship and residence vocabulary
citizenship,citizenship,all,word_ignore_case,,citizenship and residence vocabulary
nationality,citizenship,all,word_ignore_case,,citizenship and residence vocabulary
nationalities,citizenship,all,word_ignore_case,,citizenship and residence vocabulary
national origin,citizenship,all,word_ignore_case,,citizenship and residence vocabulary
passport,citizenship,all,word_ignore_case,,citizenship and residence vocabulary
residence permit,citizenship,all,word_ignore_case,,citizenship and residence vocabulary
residency permit,citizenship,all,word_ignore_case,,citizenship and residence vocabulary
work permit,citizenship,all,word_ignore_case,,citizenship and residence vocabulary
naturalis\w*,citizenship,all,regex_ignore_case,,citizenship and residence vocabulary
naturaliz\w*,citizenship,all,regex_ignore_case,,citizenship and residence vocabulary
refugee,citizenship,all,word_ignore_case,,citizenship and residence vocabulary
refugees,citizenship,all,word_ignore_case,,citizenship and residence vocabulary
asylum,citizenship,all,word_ignore_case,,citizenship and residence vocabulary
migrant,citizenship,all,word_ignore_case,,citizenship and residence vocabulary
immigrant,citizenship,all,word_ignore_case,,citizenship and residence vocabulary
immigration,citizenship,all,word_ignore_case,,citizenship and residence vocabulary
migration background,citizenship,all,word_ignore_case,,citizenship and residence vocabulary
foreigner,citizenship,all,word_ignore_case,,citizenship and residence vocabulary
foreign national,citizenship,all,word_ignore_case,,citizenship and residence vocabulary
ethnic,citizenship,all,word_ignore_case,,citizenship and residence vocabulary
ethnicity,citizenship,all,word_ignore_case,,citizenship and residence vocabulary
visa,citizenship,all,word_ignore_case,Work authorization,citizenship and residence vocabulary; allowed on the CV line 'Work authorization: ...; no visa sponsorship required'
halal,religion,all,word_ignore_case,,religious terms
kosher,religion,all,word_ignore_case,,religious terms
Ramadan,religion,all,word_ignore_case,,religious terms
Eid,religion,all,word_ignore_case,,religious terms
mosque,religion,all,word_ignore_case,,religious terms
church,religion,all,word_ignore_case,,religious terms
synagogue,religion,all,word_ignore_case,,religious terms
Islam,religion,all,word_ignore_case,,religious terms
Islamic,religion,all,word_ignore_case,,religious terms
Muslim,religion,all,word_ignore_case,,religious terms
Christian,religion,all,word_ignore_case,,religious terms
Catholic,religion,all,word_ignore_case,,religious terms
Protestant,religion,all,word_ignore_case,,religious terms
Jewish,religion,all,word_ignore_case,,religious terms
Hindu,religion,all,word_ignore_case,,religious terms
Buddhist,religion,all,word_ignore_case,,religious terms
hijab,religion,all,word_ignore_case,,religious terms
headscarf,religion,all,word_ignore_case,,religious terms
prayer,religion,all,word_ignore_case,,religious terms
Quran,religion,all,word_ignore_case,,religious terms
Koran,religion,all,word_ignore_case,,religious terms
Bible,religion,all,word_ignore_case,,religious terms
Christmas,religion,all,word_ignore_case,,religious terms
Arab,religion,all,word_ignore_case,,religious terms
Arabian,religion,all,word_ignore_case,,religious terms
country,origin_steering,texts,word_ignore_case,,harmless in a CV but would steer a screener towards origin
countries,origin_steering,texts,word_ignore_case,,harmless in a CV but would steer a screener towards origin
origin,origin_steering,texts,word_ignore_case,,harmless in a CV but would steer a screener towards origin
culture,origin_steering,texts,word_ignore_case,,harmless in a CV but would steer a screener towards origin
cultural,origin_steering,texts,word_ignore_case,,harmless in a CV but would steer a screener towards origin
background,origin_steering,texts,word_ignore_case,,harmless in a CV but would steer a screener towards origin
heritage,origin_steering,texts,word_ignore_case,,harmless in a CV but would steer a screener towards origin
foreign,origin_steering,texts,word_ignore_case,,harmless in a CV but would steer a screener towards origin
international applicants,origin_steering,texts,word_ignore_case,,harmless in a CV but would steer a screener towards origin
native speakers?,origin_steering,texts,regex_ignore_case,,"harmless in a CV but would steer a screener towards origin; regex so it matches 'native speaker' and 'native speakers' (fixed 2026-10-01: was matched literally and never fired)"
