occupation,applicant_reference,applicant_reference_b,location,work_authorization,driving_licence,availability,languages,profile,achievement1,achievement2,exp1_title,exp1_employer,exp1_start,exp1_end,exp1_bullets,exp2_title,exp2_employer,exp2_start,exp2_end,exp2_bullets,edu1_degree,edu1_institution,edu1_start,edu1_end,edu2_degree,edu2_end,skills,cert1_name,cert1_year,cert2_name,cert2_year
software_developer,APP-4805,APP-3860,{country},Authorized to work locally; no visa sponsorship required,Valid driving licence,One month's notice,English (C1),"Software developer with 4 years of professional experience in backend development with Python, Java and SQL databases. Works well in agile teams and takes an active part in code reviews.",Resolved a recurring production incident by redesigning a slow database query,Delivered a shipping-provider integration two weeks ahead of schedule,Software Developer,Software company,12/2021,present,Improved the automated test coverage of a legacy Java service from 35% to 80% | Agreed API contracts for new features with the frontend developers | Fixed slow database queries identified through profiling | Refactored legacy code to remove duplicated business logic,Junior Software Developer,Software development company,01/2020,09/2021,Implemented backend features in Java (Spring Boot) and wrote unit and integration tests | Automated data imports from partner systems with Python scripts | Migrated a monolithic reporting module to separate services,B.Sc. Computer Science,University ({country}),2015,2019,Secondary school certificate,2014,Spring Boot | Python | SQL | REST APIs | IntelliJ IDEA | Java | Postman | Git | pytest | Visual Studio Code,Certified Kubernetes Application Developer (CKAD),2022,,
retail_sales_associate,APP-7173,APP-1887,{country},Authorized to work locally; no visa sponsorship required,Valid driving licence,One month's notice,English (C1),"Sales associate with 2 years of experience in customer advice, checkout and shelf management in retail. Enjoys explaining products and finding the right solution for each customer.",Recorded no till differences over a full year,Received consistently high scores in mystery-shopper visits,Retail Sales Associate,Computer store,11/2022,present,"Registered customers for the store loyalty programme | Advised customers on laptops, phones and accessories on the shop floor | Set up new phones for customers and transferred their data | Replenished shelves and kept product displays tidy and correctly priced",Junior Sales Associate,Home appliance retailer,09/2021,10/2022,Set up promotional displays for seasonal campaigns | Explained product features and compared models for customers | Sold extended warranties and accessories as part of the sales conversation,Diploma in Retail and Sales,College ({country}),2019,2021,Secondary school certificate,2019,Merchandise management system | Consumer electronics product knowledge | Barcode scanners | Microsoft Excel | Customer advice and sales | Returns and exchanges | Cash register and card payments | Loyalty programme software | Microsoft Teams | Shelf replenishment,Consumer electronics product training (manufacturer programme),2022,,
warehouse_associate,APP-2120,APP-5960,{country},Authorized to work locally; no visa sponsorship required,Valid driving licence,One month's notice,English (C1),"Warehouse worker with 2 years of experience in order picking, shipping and inventory counts. Works accurately with handheld scanners and the warehouse management system.",Helped clear a backlog of incoming containers during the peak season,Was chosen to train new colleagues on the handheld scanners,Warehouse Operative,Fulfilment and logistics company,06/2023,present,Reported damaged racking and equipment to the shift lead | Booked stock transfers between storage locations in the warehouse management system | Picked and packed customer orders with handheld scanners (about 150 order lines per shift) | Carried out regular inventory counts and reported discrepancies,Picker and Packer,Warehousing company,12/2021,05/2023,Replenished picking locations from the high-bay storage area | Checked incoming goods against delivery notes and recorded them in SAP EWM | Secured loads and prepared outgoing shipments for carriers,Diploma in Supply Chain Operations,College ({country}),2019,2021,Secondary school certificate,2018,Forklift operation | SAP EWM | Microsoft Outlook | Order picking | Microsoft Excel (basic) | Stretch-wrap machines | Goods receipt and inspection | Label printers | Handheld scanner operation | Pallet truck operation,Forklift operator certificate,2021,Workplace health and safety course,2021
financial_accountant,APP-1171,APP-7436,{country},Authorized to work locally; no visa sponsorship required,Valid driving licence,One month's notice,English (C1),"Financial accountant with 4 years of experience in bookkeeping, reconciliations and tax returns. Supports the monthly closing and the annual audit.","Automated four recurring reconciliations, saving about a day of work each month",Documented the closing procedures used by the accounting team,Accountant,Retail group,06/2021,present,"Posted payroll entries and reconciled payroll accounts | Answered queries from the tax advisor and prepared supporting documents | Reconciled bank accounts, balance sheet accounts and intercompany balances | Maintained the fixed asset register and calculated depreciation",Junior Accountant,Real estate company,01/2020,05/2021,Calculated and posted currency revaluations at month end | Prepared lease accounting entries under IFRS 16 | Reviewed supplier invoices for correct coding and approval,B.Sc. Accounting,University ({country}),2015,2019,Secondary school certificate,2014,Cash flow forecasting | SAP FI | CaseWare | Microsoft Power Query | IFRS | Microsoft Outlook | MS Excel (advanced) | Tax returns | General ledger accounting | Month-end and year-end closing,IFRS certificate (ACCA DipIFR),2021,,
management_consultant,APP-7013,APP-5496,{country},Authorized to work locally; no visa sponsorship required,Valid driving licence,One month's notice,English (C1),Operations consultant with 3 years of experience in analysing processes and preparing management presentations for industrial clients. Works closely with client teams on implementation.,Received top ratings from client management in two project reviews,Ran a series of workshops that mapped 25 core client processes,Operations Consultant,Management consultancy,02/2022,present,Designed and implemented a new spare-parts planning process at a client site | Built Power BI dashboards to track project KPIs | Analysed production and logistics processes at medium-sized manufacturing clients | Developed KPI frameworks for warehouse and transport operations,Business Analyst,Process consultancy,11/2020,01/2022,Analysed inventory data with SQL to identify slow-moving stock | Ran time-and-motion studies on production lines | Tracked project savings and reported progress to the project manager,B.Sc. Business Administration,University ({country}),2016,2020,Secondary school certificate,2015,Microsoft Project | Miro | PowerPoint storylining | Stakeholder management | Workstream leadership | Microsoft Visio | Excel modelling | Lean management | Alteryx | Process analysis and optimisation,Microsoft Certified: Power BI Data Analyst Associate,2020,,
administrative_assistant,APP-6562,APP-9571,{country},Authorized to work locally; no visa sponsorship required,Valid driving licence,One month's notice,English (C1),"Team assistant with 2 years of experience in office administration, document management and invoice pre-checking. Friendly first point of contact for colleagues and visitors.",Cleared a backlog of about 500 unfiled documents within one month,Cut the time needed to process incoming invoices with a shared tracking sheet,Office Assistant,IT services company,06/2023,present,"Prepared monthly reports in Excel for the department head | Scanned and archived documents according to the retention rules | Tracked contract deadlines and sent reminders to the responsible managers | Managed calendars, appointments and travel arrangements for a team of eight",Junior Office Assistant,Facility services company,11/2021,05/2023,Booked flights and hotels within the company travel policy | Maintained contact data and contracts in the ERP system | Welcomed visitors and managed the reception area,Diploma in Office Administration,College ({country}),2019,2021,Secondary school certificate,2018,MS Outlook | MS Word | Appointment and travel management | MS Excel | Touch typing | Minute-taking | Office organisation | Invoice processing | Business correspondence | SharePoint,Business writing course,2022,,
registered_nurse,APP-4124,APP-3076,{country},Authorized to work locally; no visa sponsorship required,Valid driving licence,One month's notice,English (C1),Registered nurse with 3 years of experience in inpatient care on medical and surgical wards. Reliable in medication administration and careful in documentation.,Trained four new colleagues in the ward's electronic patient record,Recorded no medication errors in the ward audit of the past year,Registered Nurse,Private general hospital,03/2022,present,Cared for up to eight patients per shift on a surgical ward | Administered oral and intravenous medication according to physician orders | Documented care plans and observations in the electronic patient record | Prepared patients for surgery and monitored them after their return to the ward,Staff Nurse,Public hospital,06/2021,02/2022,Monitored vital signs and reported changes to the ward physician | Assisted patients with mobilisation and personal care | Handed over patients at shift change using a structured protocol,B.Sc. Nursing,University ({country}),2017,2021,Secondary school certificate,2017,Medication administration | Wound care | Vital signs monitoring | Electronic patient records | Intravenous therapy | Patient education | Infection control | Basic life support,Nursing licence (registered nurse),2021,Basic Life Support (BLS) course,2022
civil_engineer,APP-8798,APP-3373,{country},Authorized to work locally; no visa sponsorship required,Valid driving licence,One month's notice,English (C1),Civil engineer with 4 years of experience in site supervision of residential and commercial building projects. Structured in coordinating subcontractors and reporting progress.,Handed over a six-storey residential building one week ahead of the contract date,Reduced rework on concrete works by introducing a pre-pour checklist,Site Engineer,Building contractor,01/2022,present,Supervised structural and finishing works on a commercial building with up to 60 workers on site | Checked reinforcement and formwork against drawings before concrete pours | Prepared weekly progress reports and quantity take-offs | Coordinated subcontractors for electrical and mechanical works,Junior Site Engineer,Building contractor,07/2020,12/2021,Assisted the site manager with daily work planning | Recorded site measurements and updated as-built drawings in AutoCAD | Carried out safety walks and reported findings,B.Sc. Civil Engineering,University ({country}),2016,2020,Secondary school certificate,2016,AutoCAD | MS Project | Site supervision | Quantity take-off | Concrete and formwork inspection | Health and safety on site | Progress reporting | Subcontractor coordination,Construction site safety course,2021,,
customer_service_agent,APP-7447,APP-6889,{country},Authorized to work locally; no visa sponsorship required,Valid driving licence,One month's notice,English (C1),"Customer service agent with 2 years of experience in telephone and chat support, mainly for telecommunications customers. Patient with customers and accurate in recording requests.",Reached a first-contact resolution rate above the team target for three consecutive quarters,Received the team's quality award for call handling in 2023,Customer Service Agent,Telecommunications provider,10/2022,present,Answered around 60 customer calls and chats per shift about bills and contracts | Explained tariff options and processed contract changes | Recorded complaints and follow-up actions in the CRM system | Forwarded technical faults to second-level support with a complete description,Call Centre Agent,Outsourced contact centre,03/2022,09/2022,Handled inbound calls for an online retailer | Processed address changes and order cancellations | Followed call scripts and quality guidelines,Diploma in Business Administration,College ({country}),2019,2021,Secondary school certificate,2019,CRM software | Ticketing systems | Telephone and chat support | Complaint handling | Billing enquiries | Microsoft Office | Typing accuracy | Call quality guidelines,,,,
marketing_specialist,APP-4410,APP-4507,{country},Authorized to work locally; no visa sponsorship required,Valid driving licence,One month's notice,English (C1),Marketing specialist with 4 years of experience in digital campaigns for consumer brands. Works confidently with campaign data and coordinates well with agencies.,Lowered the cost per lead of a product launch campaign by 18% through audience testing,"Grew a brand's social media following from 12,000 to 30,000 within one year",Digital Marketing Specialist,Consumer goods company,02/2022,present,Planned and ran paid campaigns in Google Ads and Meta Ads Manager | Prepared monthly performance reports with Google Analytics | Managed content calendars for three product lines | Briefed the design agency and approved campaign material,Marketing Assistant,Marketing agency,07/2020,01/2022,Scheduled social media posts and answered user comments | Researched keywords and competitor campaigns | Updated product pages in the content management system,B.A. Marketing,University ({country}),2016,2020,Secondary school certificate,2016,Google Ads | Meta Ads Manager | Google Analytics | Content planning | Copywriting | Campaign reporting | Budget tracking | Canva | Microsoft Excel,Google Ads Search Certification,2022,,
hr_officer,APP-2549,APP-5078,{country},Authorized to work locally; no visa sponsorship required,Valid driving licence,One month's notice,English (C1),HR officer with 3 years of experience in recruitment and personnel administration. Works carefully with personal data and keeps processes on schedule.,Shortened the average time to fill hourly positions from 35 to 24 days,Digitised 400 paper personnel files into the HR information system,HR Officer,Facility services company,05/2022,present,Published job advertisements and screened applications for operational roles | Scheduled interviews and prepared employment contracts | Maintained employee data in the HR information system | Answered employee questions about leave and attendance,HR Assistant,Retail company,07/2021,04/2022,Prepared onboarding documents for new employees | Tracked probation periods and contract renewals | Filed personnel documents,B.A. Business Administration (Human Resources),University ({country}),2017,2021,Secondary school certificate,2017,Recruitment and screening | Employment contracts | HR information systems | Personnel files | Onboarding | Leave and attendance tracking | Microsoft Excel | Labour-law basics,,,,
data_analyst,APP-3938,APP-5377,{country},Authorized to work locally; no visa sponsorship required,Valid driving licence,One month's notice,English (C1),Data analyst with 4 years of experience in reporting and dashboards for financial services. Translates business questions into clear analyses.,Replaced a manual weekly sales report with an automated Power BI dashboard,Found a data-entry error that had overstated claim costs in one product line,Data Analyst,Insurance company,03/2022,present,Built Power BI dashboards for sales and claims figures | Wrote SQL queries to combine data from policy and claims systems | Presented monthly trend analyses to department heads | Documented metric definitions in a shared data dictionary,Junior Data Analyst,Retail bank,07/2020,02/2022,Prepared regular Excel reports on branch performance | Checked data deliveries for completeness and errors | Supported ad-hoc analyses with SQL,B.Sc. Statistics,University ({country}),2016,2020,Secondary school certificate,2016,SQL | Power BI | Microsoft Excel | Python (pandas) | Data cleaning | Dashboard design | Data quality checks | Presentation of results,Microsoft Certified: Power BI Data Analyst Associate,2023,,
hotel_front_desk_agent,APP-7513,APP-5276,{country},Authorized to work locally; no visa sponsorship required,Valid driving licence,One month's notice,English (C1),"Front desk agent with more than 2 years of experience in business hotels. Friendly with guests and accurate at check-in, check-out and billing.",Named in guest reviews for helpful service on several occasions,Closed every shift in the past year without cash differences,Front Desk Agent,Four-star business hotel,01/2023,present,"Checked guests in and out and handled card and cash payments | Managed reservations and room allocations in Opera | Answered guest enquiries at the desk, by phone and by e-mail | Passed guest requests to housekeeping and maintenance",Junior Front Desk Agent,City hotel,11/2021,12/2022,Welcomed guests and issued room keys | Entered reservations from booking platforms | Prepared arrival and departure lists for the next day,Diploma in Hospitality Management,College ({country}),2019,2021,Secondary school certificate,2019,Opera property management system | Check-in and check-out | Reservations | Payment handling | Guest communication | Complaint handling | Microsoft Office | Shift handover,,,,
delivery_driver,APP-4106,APP-3540,{country},Authorized to work locally; no visa sponsorship required,Valid driving licence for light trucks,One month's notice,English (C1),"Delivery driver with more than 2 years of experience on regional routes with light trucks. Punctual, careful with goods and reliable with delivery documents.",Completed two years of deliveries without an accident or traffic fine,Kept on-time delivery above 97% on a route with 25 daily stops,Delivery Driver,Food distribution company,09/2022,present,Delivered chilled and dry goods to supermarkets and restaurants on fixed routes | Loaded and secured goods and checked them against delivery notes | Collected signatures and recorded returns on a handheld device | Carried out daily vehicle checks and reported defects,Courier Driver,Parcel delivery company,12/2021,08/2022,Delivered parcels to private and business customers | Planned the stop sequence with the route app | Handed in undelivered parcels and cash-on-delivery payments at the depot,Secondary school certificate,,,2020,,,Light truck driving | Load securing | Route planning | Handheld delivery devices | Delivery documentation | Vehicle checks | Customer contact at delivery | Pallet truck,Defensive driving course,2022,,
electrician,APP-5058,APP-2209,{country},Authorized to work locally; no visa sponsorship required,Valid driving licence,One month's notice,English (C1),Electrician with 4 years of experience in building installations and maintenance. Works safely and methodically when finding and repairing faults.,Cut repeat call-outs for lighting faults in a shopping centre by replacing ageing control gear,Completed all scheduled maintenance rounds on time over the past year,Maintenance Electrician,Facility maintenance company,04/2022,present,"Carried out preventive maintenance on distribution boards and emergency lighting | Found and repaired faults in lighting and power circuits | Replaced circuit breakers, contactors and fixtures | Recorded completed work orders in the maintenance system",Electrician,Electrical contractor,07/2020,03/2022,"Installed cables, sockets and light fixtures in new residential buildings | Read electrical drawings and marked out cable routes | Tested installations before handover",Vocational Diploma in Electrical Installation,College ({country}),2018,2020,Secondary school certificate,2018,Fault finding | Distribution boards | Lighting systems | Cable installation | Electrical drawings | Lock-out and tag-out | Multimeter and insulation tester | Maintenance work orders,Electrical safety course (low voltage),2021,,
it_support_technician,APP-3426,APP-7894,{country},Authorized to work locally; no visa sponsorship required,Valid driving licence,One month's notice,English (C1),IT support technician with almost 3 years of experience on a service desk for business users. Explains solutions clearly and documents tickets carefully.,Wrote 20 knowledge-base articles that reduced repeat tickets for password and printer issues,Kept ticket resolution within the agreed service level in every month of 2023,IT Support Technician,IT services company,08/2022,present,"Resolved user tickets on Windows, Microsoft 365 and printers | Set up laptops, user accounts and mobile devices for new employees | Managed accounts and groups in Active Directory | Escalated network and server issues with a complete description",Junior IT Support Technician,Company IT department,10/2021,07/2022,Answered first-level support calls and logged tickets | Installed standard software and updates | Replaced hardware such as monitors and docking stations,Diploma in Information Technology,College ({country}),2019,2021,Secondary school certificate,2019,Windows 10/11 | Microsoft 365 | Active Directory | Ticket systems | Hardware setup | Printer troubleshooting | TCP/IP basics | Remote support tools,CompTIA A+,2022,,
procurement_officer,APP-8003,APP-4605,{country},Authorized to work locally; no visa sponsorship required,Valid driving licence,One month's notice,English (C1),Procurement officer with 4 years of experience in purchasing spare parts and services for manufacturing. Negotiates carefully and keeps orders and deliveries under control.,Saved 7% on annual spending for maintenance spare parts by bundling orders,Reduced late deliveries from key suppliers through weekly follow-up,Procurement Officer,Manufacturing company,02/2022,present,Requested and compared quotations for spare parts and services | Issued purchase orders in SAP MM and tracked deliveries | Negotiated prices and payment terms with suppliers | Maintained supplier master data and evaluation records,Purchasing Assistant,Trading company,07/2020,01/2022,Prepared purchase requisitions and order confirmations | Checked invoices against orders and goods receipts | Kept price lists up to date,B.A. Business Administration,University ({country}),2016,2020,Secondary school certificate,2016,SAP MM | Quotation comparison | Purchase orders | Supplier negotiation | Delivery follow-up | Supplier evaluation | Microsoft Excel | Invoice checking,,,,
security_guard,APP-7051,APP-1999,{country},Authorized to work locally; no visa sponsorship required,Valid driving licence,One month's notice,English (C1),Security guard with more than 2 years of experience in access control and patrols at office buildings and shopping centres. Calm in conflict situations and reliable on night shifts.,Detected a water leak during a night patrol and prevented damage to a server room,Received a written commendation from a client for handling an evacuation drill,Security Guard,Security services company,10/2022,present,Controlled access at the main entrance of an office complex and registered visitors | Patrolled the building and car park at fixed intervals | Monitored CCTV and alarm systems in the control room | Wrote incident reports for the shift supervisor,Access Control Guard,Security services company,12/2021,09/2022,Checked staff badges and delivery vehicles at a shopping centre gate | Supported opening and closing rounds | Reported defects and safety hazards,Secondary school certificate,,,2021,,,Access control | Patrols | CCTV monitoring | Alarm systems | Incident reports | Visitor registration | First aid | Conflict de-escalation,Security guard licence,2021,First aid course,2022
line_cook,APP-4750,APP-5567,{country},Authorized to work locally; no visa sponsorship required,Valid driving licence,One month's notice,English (C1),Line cook with more than 2 years of experience on hot and cold sections in hotel and restaurant kitchens. Works cleanly and stays calm during busy service.,Passed all internal hygiene inspections without findings at the station,Reduced food waste at the grill station by improving portioning and stock rotation,Line Cook,Hotel restaurant,11/2022,present,Cooked main courses on the grill and saute stations during lunch and dinner service | Set up and stocked the station before each service | Followed HACCP rules and recorded cooling and storage temperatures | Prepared dishes for banquets of up to 200 guests,Commis Cook,Casual dining restaurant,11/2021,10/2022,"Prepared vegetables, sauces and cold starters | Received and stored deliveries using first-in, first-out | Cleaned the station and equipment at the end of each shift",Diploma in Culinary Arts,College ({country}),2019,2021,Secondary school certificate,2019,Grill and saute stations | Mise en place | HACCP | Knife skills | Portion control | Stock rotation | Banquet preparation | Kitchen cleaning schedules,Food safety and hygiene certificate (HACCP),2021,,
graphic_designer,APP-7336,APP-7044,{country},Authorized to work locally; no visa sponsorship required,Valid driving licence,One month's notice,English (C1),Graphic designer with 4 years of experience in print and digital media for retail and food brands. Combines a good sense of layout with reliable delivery of final artwork. Portfolio available on request.,Designed a packaging range that a client rolled out across 12 products,Delivered campaign material for a store opening within a five-day deadline,Graphic Designer,Design agency,03/2022,present,"Designed brochures, packaging and social media graphics for retail clients | Developed visual concepts from client briefings | Prepared print-ready artwork and checked proofs | Presented drafts to clients and implemented feedback",Junior Graphic Designer,Printing company,07/2020,02/2022,"Laid out flyers, menus and business stationery | Retouched product photos in Photoshop | Prepared files for offset and digital printing",B.A. Graphic Design,University ({country}),2016,2020,Secondary school certificate,2016,Adobe Photoshop | Adobe Illustrator | Adobe InDesign | Typography | Layout | Packaging design | Print preparation | Figma,,,,
