occupation,title,employer,location,about,tasks,requirements,offer,required_years,skill_level
software_developer,"Software Developer (Backend, Python/Java)",Lanternway Software,{country},Lanternway Software develops route-planning and fleet-management software for logistics companies. Our team of 70 people works from one office.,"Design, develop and maintain backend services for our route-planning platform | Write clean, tested code and take part in code reviews | Work closely with product owners and frontend developers in an agile team | Operate and monitor services in our cloud environment","Degree in computer science, information systems or a comparable field | At least 3 years of professional experience in backend development with Python or Java | Solid knowledge of SQL databases, REST APIs and Git | Experience with Docker and CI/CD pipelines is an advantage | Fluent English (C1 or higher)",Permanent full-time contract (40 hours per week) | Hybrid working with two office days per week | 30 days of annual leave and an annual training budget,3,high
retail_sales_associate,Sales Associate (Consumer Electronics Store),Kestrelpoint Electronics,{country},"Kestrelpoint Electronics runs a consumer electronics store with 40 employees in a shopping centre, selling computers, phones and household appliances.","Advise customers on the shop floor and help them choose suitable products | Process sales, returns and payments at the checkout | Replenish shelves and keep product displays tidy | Take part in stock counts and in-store promotions","Diploma in retail, sales or business | At least 2 years of experience in retail sales | Experience with cash register systems and card payments | Friendly, confident manner with customers | Willingness to work weekend and evening shifts | Fluent English (C1 or higher)",Permanent full-time contract with a monthly sales bonus | Staff discount on all products | 28 days of annual leave,2,low
warehouse_associate,Warehouse Associate (Picking and Goods Receipt),Bluequay Logistics,{country},Bluequay Logistics provides contract logistics for online retailers and industrial suppliers from its distribution centre.,Pick and pack customer orders using handheld scanners | Check and record incoming goods | Load and unload trucks using forklifts | Take part in inventory counts,Diploma in logistics or warehouse operations | At least 2 years of experience in a warehouse | Valid forklift operator certificate | Experience with handheld scanners and a warehouse management system (e.g. SAP EWM) | Willingness to work in early and late shifts | Fluent English (C1 or higher),"Permanent full-time contract with shift allowances | Paid further training (e.g. dangerous goods, reach trucks) | 28 days of annual leave",2,low
financial_accountant,Financial Accountant (General Ledger and Closing),Corbelstone Building Services,{country},"Corbelstone Building Services plans and installs air-conditioning, ventilation and electrical systems for commercial buildings. The group has 600 employees and four subsidiaries.",Post business transactions in the general ledger | Prepare monthly and annual financial statements under IFRS | Prepare tax returns and reconcile balance sheet accounts | Support the annual audit and the group reporting,"Bachelor's degree in accounting, finance or business administration with a focus on accounting | At least 3 years of professional experience in financial accounting | Sound knowledge of IFRS; experience with group consolidation is an advantage | Experience with month-end and year-end closing and tax returns | Very good knowledge of SAP FI and MS Excel | Fluent English (C1 or higher)",Permanent full-time contract with flexible working hours | Up to two days of remote work per week | 30 days of annual leave and private health insurance,3,mid-high
management_consultant,Management Consultant (Operations and Process Excellence),Halyard Operations Advisory,{country},"Halyard Operations Advisory advises industrial and manufacturing companies on operations, procurement and supply chain topics. Our team of 45 consultants works from one office.",Analyse client processes and develop improvement programmes | Lead project workstreams and coordinate client teams | Prepare and present results to client management | Contribute to proposals and the development of our service offering,"University degree in business administration, industrial engineering, economics or a comparable field | At least 3 years of experience in management consulting or in an operations role in industry | Experience in leading project workstreams and presenting to senior management | Strong analytical skills (Excel, PowerPoint; SQL or Power BI is an advantage) | Willingness to travel to client sites up to three days per week | Fluent English (C1 or higher)",Permanent full-time contract with a performance-related bonus | Structured training programme and mentoring | 30 days of annual leave,3,high
administrative_assistant,Administrative Assistant (Office and Team Assistance),Cobaltgate Property Management,{country},Cobaltgate Property Management manages residential and commercial properties. Our office team of 25 supports the property managers.,"Organise appointments, meetings and business travel for the management team | Prepare correspondence, presentations and meeting minutes | Maintain the document management system and pre-check incoming invoices | Act as first point of contact for tenants and service providers","Diploma in office administration, business administration or a comparable field | At least 2 years of experience in office administration or team assistance | Very good knowledge of MS Office (Outlook, Word, Excel); experience with a document management system is an advantage | Structured and independent way of working and discretion with confidential information | Fluent English (C1 or higher)",Permanent full-time or part-time contract (30 to 40 hours per week) | Flexible working hours | 30 days of annual leave,2,mid
registered_nurse,Registered Nurse (Medical-Surgical Ward),Sablewick Hospital,{country},"Sablewick Hospital is a private general hospital with 180 beds and departments for internal medicine, surgery and outpatient care.",Provide nursing care for patients on a 28-bed medical-surgical ward | Administer medication and document care in the electronic patient record | Monitor vital signs and report changes to the ward physician | Instruct patients and relatives before discharge,"Bachelor's degree in nursing | Valid nursing licence | At least 2 years of experience in inpatient care | Experience with electronic patient records | Willingness to work rotating shifts, including nights and weekends | Fluent English (C1 or higher)",Permanent full-time contract with shift allowances | Paid continuing education days | 30 days of annual leave,2,high
civil_engineer,"Civil Engineer (Site Supervision, Building Construction)",Granitevale Construction,{country},Granitevale Construction builds residential and commercial buildings as a general contractor with around 300 employees.,"Supervise construction works on site and coordinate subcontractors | Check that works comply with drawings, specifications and safety rules | Prepare quantity take-offs and progress reports | Take part in site meetings with clients and consultants",Bachelor's degree in civil engineering | At least 3 years of experience in site supervision of building projects | Good knowledge of AutoCAD and MS Project or Primavera | Sound knowledge of health and safety on construction sites | Valid driving licence | Fluent English (C1 or higher),Permanent full-time contract | Company vehicle for site visits | 30 days of annual leave,3,high
customer_service_agent,Customer Service Agent (Telecommunications Contact Centre),Wrenfield Telecom,{country},Wrenfield Telecom provides mobile and home internet services to private and business customers and runs its own contact centre with 120 agents.,"Answer customer enquiries by phone, e-mail and chat | Explain bills, tariffs and contract options | Record requests and complaints in the CRM system | Forward technical faults to second-level support","Secondary school certificate or diploma | At least 1 year of experience in customer service or a contact centre | Confident use of CRM or ticketing software | Clear and friendly communication | Willingness to work shifts, including weekends | Fluent English (C1 or higher)",Permanent full-time contract | Performance bonus based on service quality | 26 days of annual leave,1,low
marketing_specialist,Marketing Specialist (Digital Campaigns),Juniperlane Foods,{country},"Juniperlane Foods produces and distributes packaged snacks and beverages and employs around 250 people in production, sales and marketing.",Plan and run campaigns on social media and search engines | Create content calendars and coordinate with the design agency | Track campaign performance and prepare monthly reports | Manage the campaign budget together with the marketing manager,"Bachelor's degree in marketing, business or communication | At least 3 years of experience in digital marketing | Hands-on experience with Google Ads, Meta Ads Manager and Google Analytics | Good copywriting skills | Structured way of working with numbers and budgets | Fluent English (C1 or higher)",Permanent full-time contract | Annual training budget | 28 days of annual leave,3,mid-high
hr_officer,HR Officer (Recruitment and Personnel Administration),Ostrelby Facilities Group,{country},"Ostrelby Facilities Group provides cleaning, maintenance and catering services for office buildings and employs around 900 people.","Publish job advertisements and screen incoming applications | Schedule interviews and prepare employment contracts | Maintain personnel files and the HR information system | Answer employees' questions about leave, attendance and payroll data","Bachelor's degree in human resources, business or a related field | At least 2 years of experience in HR administration or recruitment | Experience with an HR information system | Good knowledge of labour-law basics | Discreet handling of personal data | Fluent English (C1 or higher)",Permanent full-time contract | Health insurance | 28 days of annual leave,2,mid
data_analyst,Data Analyst (Reporting and Business Intelligence),Thistlebank Insurance,{country},"Thistlebank Insurance offers motor, health and property insurance to private and corporate customers and employs around 400 people.",Build and maintain dashboards for sales and claims | Prepare data from different sources with SQL | Analyse trends and present findings to business departments | Check data quality and document definitions,"Bachelor's degree in statistics, mathematics, computer science or economics | At least 3 years of experience in data analysis or reporting | Very good knowledge of SQL and Excel | Experience with Power BI or Tableau | Basic knowledge of Python or R is an advantage | Fluent English (C1 or higher)",Permanent full-time contract | Hybrid working with two office days per week | 30 days of annual leave,3,high
hotel_front_desk_agent,Front Desk Agent (Business Hotel),Amberquay Hotel,{country},"Amberquay Hotel is a four-star business hotel with 160 rooms, conference rooms and a restaurant.","Check guests in and out and handle payments | Answer guest enquiries at the desk, by phone and by e-mail | Manage reservations in the property management system | Coordinate with housekeeping and maintenance","Diploma in hospitality or tourism | At least 2 years of experience at a hotel front desk | Experience with a property management system (e.g. Opera) | Well-groomed appearance and friendly manner | Willingness to work shifts, including nights and weekends | Fluent English (C1 or higher)",Permanent full-time contract | Meals on duty and staff rates in partner hotels | 26 days of annual leave,2,low
delivery_driver,"Delivery Driver (Light Truck, Regional Distribution)",Swiftharrow Distribution,{country},Swiftharrow Distribution delivers food and household goods to supermarkets and restaurants with a fleet of 45 light trucks.,Deliver goods to customers on fixed regional routes | Load and secure the vehicle and check the delivery notes | Collect signatures and returns using a handheld device | Carry out daily vehicle checks and report defects,Secondary school certificate | Valid driving licence for light trucks | At least 2 years of experience as a delivery driver | Clean driving record | Physical fitness for loading and unloading | Fluent English (C1 or higher),Permanent full-time contract with overtime pay | Work clothing and safety shoes | 26 days of annual leave,2,low
electrician,Electrician (Building Maintenance),Coppermoor Technical Services,{country},"Coppermoor Technical Services maintains electrical and mechanical systems in office buildings, hotels and shopping centres with a team of 80 technicians.","Carry out preventive maintenance on electrical installations | Find and repair faults in lighting, distribution boards and power circuits | Install cables, sockets and fixtures according to drawings | Record completed work orders in the maintenance system",Vocational diploma or trade certificate as an electrician | At least 3 years of experience in building installations or maintenance | Ability to read electrical drawings | Knowledge of electrical safety rules and lock-out procedures | Willingness to take part in on-call duty | Fluent English (C1 or higher),Permanent full-time contract with on-call allowance | Tools and work clothing provided | 28 days of annual leave,3,mid
it_support_technician,IT Support Technician (Service Desk),Northlatch Office Systems,{country},"Northlatch Office Systems provides IT services to small and medium-sized companies and supports around 3,000 users from its service desk.","Answer user requests by phone, e-mail and ticket system | Set up laptops, user accounts and mobile devices | Resolve problems with Windows, Microsoft 365 and printers | Escalate network and server issues to second-level support","Diploma or degree in information technology | At least 2 years of experience in IT support | Good knowledge of Windows 10/11, Microsoft 365 and Active Directory | Basic knowledge of networks (TCP/IP, Wi-Fi) | Customer-oriented and clear communication | Fluent English (C1 or higher)",Permanent full-time contract | Paid certifications | 28 days of annual leave,2,mid
procurement_officer,Procurement Officer (Indirect Materials),Ironbrook Manufacturing,{country},Ironbrook Manufacturing produces metal components for the construction industry and employs around 350 people.,Request and compare quotations from suppliers | Issue purchase orders in the ERP system and follow up deliveries | Negotiate prices and payment terms for spare parts and services | Maintain supplier data and evaluate supplier performance,"Bachelor's degree in business, supply chain management or engineering | At least 3 years of experience in purchasing | Experience with an ERP system (e.g. SAP MM) | Good negotiation skills | Careful, structured way of working | Fluent English (C1 or higher)",Permanent full-time contract | Annual bonus linked to company results | 28 days of annual leave,3,mid
security_guard,Security Guard (Office Complex),Wardenhall Security Services,{country},"Wardenhall Security Services provides guarding and access control for office buildings, shopping centres and industrial sites with around 600 guards.",Control access at the entrance and register visitors | Patrol the building and car park at regular intervals | Monitor CCTV and alarm systems in the control room | Write incident reports and inform the shift supervisor,"Secondary school certificate | Valid security guard licence | At least 2 years of experience in guarding or access control | Calm and correct manner in conflict situations | Willingness to work 12-hour shifts, including nights and weekends | Fluent English (C1 or higher)",Permanent full-time contract with night-shift allowance | Uniform provided | 26 days of annual leave,2,low
line_cook,Line Cook (Hotel Restaurant),Cinderhearth Restaurants,{country},Cinderhearth Restaurants operates three restaurants and the banquet kitchen of a conference hotel with a kitchen team of 40.,Prepare and cook dishes on the hot section according to recipes | Set up and stock the station before service | Follow food-safety and hygiene rules (HACCP) | Help with banquet preparation and stock rotation,"Diploma or certificate in culinary arts | At least 2 years of experience in a professional kitchen | Sound knowledge of food safety and hygiene (HACCP) | Ability to work quickly and cleanly during busy service | Willingness to work evenings, weekends and public holidays | Fluent English (C1 or higher)",Permanent full-time contract | Meals on duty and uniform provided | 26 days of annual leave,2,low
graphic_designer,Graphic Designer (Print and Digital Media),Inkwillow Creative Studio,{country},"Inkwillow Creative Studio is a design agency with 25 employees that creates branding, packaging and digital content for retail and food companies.","Design layouts for brochures, packaging and social media | Develop visual concepts from client briefings | Prepare final artwork for print and digital publication | Present drafts to clients and implement feedback","Bachelor's degree or diploma in graphic design or visual communication | At least 3 years of experience in an agency or in-house design team | Very good knowledge of Adobe Photoshop, Illustrator and InDesign | Good sense of typography and layout | Portfolio of completed work | Fluent English (C1 or higher)",Permanent full-time contract | Flexible working hours | 28 days of annual leave,3,mid
